block_group,gender_not_work_age,count_gender_not_work_age
480291805031,sex_not_work_age_tot_m,138.0
480291805032,sex_not_work_age_tot_m,253.0
480291704013,sex_not_work_age_tot_m,336.0
480291704012,sex_not_work_age_tot_m,261.0
480291914061,sex_not_work_age_tot_m,528.0
480291914092,sex_not_work_age_tot_m,398.0
480291212042,sex_not_work_age_tot_m,198.0
480291215081,sex_not_work_age_tot_m,258.0
480291914051,sex_not_work_age_tot_m,540.0
480291914052,sex_not_work_age_tot_m,362.0
480291914053,sex_not_work_age_tot_m,431.0
480291914055,sex_not_work_age_tot_m,183.0
480291709001,sex_not_work_age_tot_m,327.0
480291709003,sex_not_work_age_tot_m,49.0
480291610002,sex_not_work_age_tot_m,435.0
480291610001,sex_not_work_age_tot_m,399.0
480291615015,sex_not_work_age_tot_m,531.0
480291615011,sex_not_work_age_tot_m,543.0
480291615013,sex_not_work_age_tot_m,277.0
480291711001,sex_not_work_age_tot_m,315.0
480291620011,sex_not_work_age_tot_m,517.0
480291701022,sex_not_work_age_tot_m,192.0
480291701021,sex_not_work_age_tot_m,68.0
480291807022,sex_not_work_age_tot_m,142.0
480291807023,sex_not_work_age_tot_m,35.0
480291807025,sex_not_work_age_tot_m,130.0
480291809012,sex_not_work_age_tot_m,200.0
480291809015,sex_not_work_age_tot_m,144.0
480291106003,sex_not_work_age_tot_m,190.0
480291108002,sex_not_work_age_tot_m,130.0
480291108001,sex_not_work_age_tot_m,99.0
480291208004,sex_not_work_age_tot_m,189.0
480291208006,sex_not_work_age_tot_m,158.0
480291208001,sex_not_work_age_tot_m,141.0
480291208002,sex_not_work_age_tot_m,305.0
480291208005,sex_not_work_age_tot_m,108.0
480291208007,sex_not_work_age_tot_m,208.0
480291208003,sex_not_work_age_tot_m,233.0
480291211113,sex_not_work_age_tot_m,393.0
480291211111,sex_not_work_age_tot_m,252.0
480291211112,sex_not_work_age_tot_m,535.0
480291211114,sex_not_work_age_tot_m,522.0
480291211161,sex_not_work_age_tot_m,309.0
480291211164,sex_not_work_age_tot_m,335.0
480291211162,sex_not_work_age_tot_m,132.0
480291211181,sex_not_work_age_tot_m,292.0
480291211182,sex_not_work_age_tot_m,200.0
480291212031,sex_not_work_age_tot_m,114.0
480291212032,sex_not_work_age_tot_m,296.0
480291212051,sex_not_work_age_tot_m,497.0
480291817182,sex_not_work_age_tot_m,383.0
480291818111,sex_not_work_age_tot_m,640.0
480291902003,sex_not_work_age_tot_m,90.0
480291902004,sex_not_work_age_tot_m,154.0
480291902001,sex_not_work_age_tot_m,108.0
480291802021,sex_not_work_age_tot_m,236.0
480291802023,sex_not_work_age_tot_m,351.0
480291805013,sex_not_work_age_tot_m,252.0
480291805012,sex_not_work_age_tot_m,79.0
480291805011,sex_not_work_age_tot_m,224.0
480291808002,sex_not_work_age_tot_m,196.0
480291808001,sex_not_work_age_tot_m,145.0
480291708002,sex_not_work_age_tot_m,145.0
480291106002,sex_not_work_age_tot_m,322.0
480291504001,sex_not_work_age_tot_m,28.0
480291504002,sex_not_work_age_tot_m,168.0
480291510001,sex_not_work_age_tot_m,256.0
480291521002,sex_not_work_age_tot_m,242.0
480291521001,sex_not_work_age_tot_m,215.0
480291607024,sex_not_work_age_tot_m,149.0
480291607023,sex_not_work_age_tot_m,131.0
480291616002,sex_not_work_age_tot_m,487.0
480291616001,sex_not_work_age_tot_m,451.0
480291216012,sex_not_work_age_tot_m,217.0
480291216013,sex_not_work_age_tot_m,386.0
480291216014,sex_not_work_age_tot_m,149.0
480291218021,sex_not_work_age_tot_m,318.0
480291218023,sex_not_work_age_tot_m,469.0
480291303002,sex_not_work_age_tot_m,124.0
480291303001,sex_not_work_age_tot_m,64.0
480291307002,sex_not_work_age_tot_m,150.0
480291307001,sex_not_work_age_tot_m,422.0
480291702004,sex_not_work_age_tot_m,174.0
480291702006,sex_not_work_age_tot_m,264.0
480291702002,sex_not_work_age_tot_m,54.0
480291702005,sex_not_work_age_tot_m,218.0
480291702001,sex_not_work_age_tot_m,146.0
480291316011,sex_not_work_age_tot_m,170.0
480291317001,sex_not_work_age_tot_m,326.0
480291412004,sex_not_work_age_tot_m,98.0
480291412001,sex_not_work_age_tot_m,526.0
480291412005,sex_not_work_age_tot_m,213.0
480291412002,sex_not_work_age_tot_m,287.0
480291501003,sex_not_work_age_tot_m,249.0
480291309002,sex_not_work_age_tot_m,259.0
480291309003,sex_not_work_age_tot_m,244.0
480291310003,sex_not_work_age_tot_m,179.0
480291310004,sex_not_work_age_tot_m,174.0
480291310001,sex_not_work_age_tot_m,576.0
480291310002,sex_not_work_age_tot_m,146.0
480291405003,sex_not_work_age_tot_m,155.0
480291405002,sex_not_work_age_tot_m,248.0
480291405001,sex_not_work_age_tot_m,83.0
480291405004,sex_not_work_age_tot_m,120.0
480291406002,sex_not_work_age_tot_m,125.0
480291406001,sex_not_work_age_tot_m,373.0
480291407003,sex_not_work_age_tot_m,185.0
480291407001,sex_not_work_age_tot_m,189.0
480291407004,sex_not_work_age_tot_m,85.0
480291407005,sex_not_work_age_tot_m,204.0
480291413001,sex_not_work_age_tot_m,134.0
480291413003,sex_not_work_age_tot_m,678.0
480291702003,sex_not_work_age_tot_m,374.0
480291806023,sex_not_work_age_tot_m,183.0
480291806021,sex_not_work_age_tot_m,20.0
480291911021,sex_not_work_age_tot_m,162.0
480291911022,sex_not_work_age_tot_m,118.0
480291911023,sex_not_work_age_tot_m,253.0
480291209012,sex_not_work_age_tot_m,315.0
480291209011,sex_not_work_age_tot_m,214.0
480291211122,sex_not_work_age_tot_m,191.0
480291519001,sex_not_work_age_tot_m,391.0
480291409002,sex_not_work_age_tot_m,147.0
480291417001,sex_not_work_age_tot_m,442.0
480291417002,sex_not_work_age_tot_m,595.0
480291505012,sex_not_work_age_tot_m,318.0
480291505014,sex_not_work_age_tot_m,194.0
480291604002,sex_not_work_age_tot_m,392.0
480291604004,sex_not_work_age_tot_m,180.0
480291604001,sex_not_work_age_tot_m,142.0
480291604003,sex_not_work_age_tot_m,172.0
480291611005,sex_not_work_age_tot_m,310.0
480291611006,sex_not_work_age_tot_m,30.0
480291611001,sex_not_work_age_tot_m,675.0
480291611004,sex_not_work_age_tot_m,207.0
480291611003,sex_not_work_age_tot_m,234.0
480291611002,sex_not_work_age_tot_m,171.0
480291813012,sex_not_work_age_tot_m,271.0
480291813011,sex_not_work_age_tot_m,576.0
480291814021,sex_not_work_age_tot_m,227.0
480291814022,sex_not_work_age_tot_m,220.0
480291109001,sex_not_work_age_tot_m,118.0
480291110003,sex_not_work_age_tot_m,105.0
480291110002,sex_not_work_age_tot_m,129.0
480291204001,sex_not_work_age_tot_m,182.0
480291204005,sex_not_work_age_tot_m,298.0
480291710004,sex_not_work_age_tot_m,421.0
480291204003,sex_not_work_age_tot_m,362.0
480291207021,sex_not_work_age_tot_m,444.0
480291704014,sex_not_work_age_tot_m,89.0
480291710001,sex_not_work_age_tot_m,129.0
480291710002,sex_not_work_age_tot_m,313.0
480291717001,sex_not_work_age_tot_m,475.0
480291717003,sex_not_work_age_tot_m,125.0
480291215013,sex_not_work_age_tot_m,503.0
480291215011,sex_not_work_age_tot_m,142.0
480291215074,sex_not_work_age_tot_m,169.0
480291215071,sex_not_work_age_tot_m,285.0
480291215072,sex_not_work_age_tot_m,276.0
480291312002,sex_not_work_age_tot_m,330.0
480291401002,sex_not_work_age_tot_m,90.0
480291401001,sex_not_work_age_tot_m,94.0
480291404004,sex_not_work_age_tot_m,91.0
480291101002,sex_not_work_age_tot_m,147.0
480291209022,sex_not_work_age_tot_m,307.0
480291209021,sex_not_work_age_tot_m,243.0
480291214033,sex_not_work_age_tot_m,285.0
480291214031,sex_not_work_age_tot_m,513.0
480291216042,sex_not_work_age_tot_m,258.0
480291216043,sex_not_work_age_tot_m,140.0
480291306004,sex_not_work_age_tot_m,314.0
480291207022,sex_not_work_age_tot_m,230.0
480291213003,sex_not_work_age_tot_m,77.0
480291213001,sex_not_work_age_tot_m,668.0
480291703004,sex_not_work_age_tot_m,146.0
480291703002,sex_not_work_age_tot_m,8.0
480291703006,sex_not_work_age_tot_m,275.0
480291703005,sex_not_work_age_tot_m,381.0
480291703003,sex_not_work_age_tot_m,395.0
480291704024,sex_not_work_age_tot_m,76.0
480291704021,sex_not_work_age_tot_m,528.0
480291706001,sex_not_work_age_tot_m,211.0
480291706004,sex_not_work_age_tot_m,131.0
480291706003,sex_not_work_age_tot_m,262.0
480291707003,sex_not_work_age_tot_m,299.0
480291707002,sex_not_work_age_tot_m,299.0
480291212044,sex_not_work_age_tot_m,296.0
480291212043,sex_not_work_age_tot_m,230.0
480291404001,sex_not_work_age_tot_m,130.0
480291404002,sex_not_work_age_tot_m,158.0
480291504003,sex_not_work_age_tot_m,422.0
480291215052,sex_not_work_age_tot_m,119.0
480291403002,sex_not_work_age_tot_m,246.0
480291403003,sex_not_work_age_tot_m,247.0
480291520001,sex_not_work_age_tot_m,626.0
480291701011,sex_not_work_age_tot_m,186.0
480291701012,sex_not_work_age_tot_m,297.0
480291718022,sex_not_work_age_tot_m,261.0
480291718025,sex_not_work_age_tot_m,194.0
480291718023,sex_not_work_age_tot_m,215.0
480291408004,sex_not_work_age_tot_m,160.0
480291408001,sex_not_work_age_tot_m,166.0
480291408005,sex_not_work_age_tot_m,195.0
480291408003,sex_not_work_age_tot_m,68.0
480291408002,sex_not_work_age_tot_m,204.0
480291505023,sex_not_work_age_tot_m,245.0
480291505022,sex_not_work_age_tot_m,163.0
480291505021,sex_not_work_age_tot_m,157.0
480291507006,sex_not_work_age_tot_m,60.0
480291507001,sex_not_work_age_tot_m,163.0
480291507003,sex_not_work_age_tot_m,365.0
480291601004,sex_not_work_age_tot_m,614.0
480291601003,sex_not_work_age_tot_m,295.0
480291601001,sex_not_work_age_tot_m,338.0
480291813023,sex_not_work_age_tot_m,277.0
480291809021,sex_not_work_age_tot_m,239.0
480291809023,sex_not_work_age_tot_m,241.0
480291809022,sex_not_work_age_tot_m,262.0
480291809025,sex_not_work_age_tot_m,293.0
480291810031,sex_not_work_age_tot_m,286.0
480291810051,sex_not_work_age_tot_m,272.0
480291810052,sex_not_work_age_tot_m,74.0
480291815061,sex_not_work_age_tot_m,121.0
480291815062,sex_not_work_age_tot_m,325.0
480291817151,sex_not_work_age_tot_m,206.0
480291203002,sex_not_work_age_tot_m,79.0
480291203003,sex_not_work_age_tot_m,227.0
480291203005,sex_not_work_age_tot_m,281.0
480291205013,sex_not_work_age_tot_m,313.0
480291205015,sex_not_work_age_tot_m,275.0
480291205012,sex_not_work_age_tot_m,204.0
480291205014,sex_not_work_age_tot_m,368.0
480291211152,sex_not_work_age_tot_m,454.0
480291211153,sex_not_work_age_tot_m,193.0
480291211172,sex_not_work_age_tot_m,157.0
480291211171,sex_not_work_age_tot_m,384.0
480291720021,sex_not_work_age_tot_m,1130.0
480291817031,sex_not_work_age_tot_m,459.0
480291817032,sex_not_work_age_tot_m,214.0
480291803003,sex_not_work_age_tot_m,381.0
480291803001,sex_not_work_age_tot_m,210.0
480291803002,sex_not_work_age_tot_m,280.0
480291817161,sex_not_work_age_tot_m,489.0
480291910034,sex_not_work_age_tot_m,171.0
480291910035,sex_not_work_age_tot_m,155.0
480291910033,sex_not_work_age_tot_m,249.0
480291910031,sex_not_work_age_tot_m,334.0
480291910032,sex_not_work_age_tot_m,488.0
480291214041,sex_not_work_age_tot_m,352.0
480291214042,sex_not_work_age_tot_m,373.0
480291214043,sex_not_work_age_tot_m,449.0
480291313001,sex_not_work_age_tot_m,403.0
480291313004,sex_not_work_age_tot_m,81.0
480291316061,sex_not_work_age_tot_m,743.0
480291103003,sex_not_work_age_tot_m,64.0
480291103002,sex_not_work_age_tot_m,213.0
480291201001,sex_not_work_age_tot_m,1172.0
480291206002,sex_not_work_age_tot_m,177.0
480291206003,sex_not_work_age_tot_m,84.0
480291206006,sex_not_work_age_tot_m,47.0
480291206005,sex_not_work_age_tot_m,206.0
480291517003,sex_not_work_age_tot_m,183.0
480291517002,sex_not_work_age_tot_m,215.0
480291517001,sex_not_work_age_tot_m,431.0
480291607013,sex_not_work_age_tot_m,221.0
480291306001,sex_not_work_age_tot_m,299.0
480291306003,sex_not_work_age_tot_m,140.0
480291306002,sex_not_work_age_tot_m,193.0
480291402003,sex_not_work_age_tot_m,230.0
480291402002,sex_not_work_age_tot_m,72.0
480291402001,sex_not_work_age_tot_m,94.0
480291402004,sex_not_work_age_tot_m,150.0
480291309001,sex_not_work_age_tot_m,397.0
480291717004,sex_not_work_age_tot_m,338.0
480291719035,sex_not_work_age_tot_m,264.0
480291717006,sex_not_work_age_tot_m,356.0
480291719032,sex_not_work_age_tot_m,262.0
480291719034,sex_not_work_age_tot_m,190.0
480291509002,sex_not_work_age_tot_m,77.0
480291509001,sex_not_work_age_tot_m,271.0
480291509005,sex_not_work_age_tot_m,465.0
480291705003,sex_not_work_age_tot_m,146.0
480291705004,sex_not_work_age_tot_m,287.0
480291705002,sex_not_work_age_tot_m,117.0
480291805042,sex_not_work_age_tot_m,594.0
480291205025,sex_not_work_age_tot_m,307.0
480291205023,sex_not_work_age_tot_m,67.0
480291205026,sex_not_work_age_tot_m,271.0
480291205024,sex_not_work_age_tot_m,196.0
480291207012,sex_not_work_age_tot_m,201.0
480291207011,sex_not_work_age_tot_m,122.0
480291302002,sex_not_work_age_tot_m,93.0
480291410003,sex_not_work_age_tot_m,360.0
480291410002,sex_not_work_age_tot_m,161.0
480291516001,sex_not_work_age_tot_m,281.0
480291516004,sex_not_work_age_tot_m,371.0
480291516002,sex_not_work_age_tot_m,157.0
480291817051,sex_not_work_age_tot_m,198.0
480291817052,sex_not_work_age_tot_m,308.0
480291512002,sex_not_work_age_tot_m,450.0
480291606001,sex_not_work_age_tot_m,158.0
480291606003,sex_not_work_age_tot_m,485.0
480291419003,sex_not_work_age_tot_m,179.0
480291419002,sex_not_work_age_tot_m,164.0
480291515003,sex_not_work_age_tot_m,251.0
480291515002,sex_not_work_age_tot_m,193.0
480291603003,sex_not_work_age_tot_m,133.0
480291603002,sex_not_work_age_tot_m,123.0
480291603005,sex_not_work_age_tot_m,278.0
480291612001,sex_not_work_age_tot_m,72.0
480291612002,sex_not_work_age_tot_m,548.0
480291804003,sex_not_work_age_tot_m,161.0
480291804001,sex_not_work_age_tot_m,394.0
480291807012,sex_not_work_age_tot_m,275.0
480291811004,sex_not_work_age_tot_m,236.0
480291811002,sex_not_work_age_tot_m,181.0
480291811003,sex_not_work_age_tot_m,572.0
480291909015,sex_not_work_age_tot_m,233.0
480291909013,sex_not_work_age_tot_m,64.0
480291809014,sex_not_work_age_tot_m,306.0
480291813031,sex_not_work_age_tot_m,365.0
480291815041,sex_not_work_age_tot_m,356.0
480291815042,sex_not_work_age_tot_m,187.0
480291816012,sex_not_work_age_tot_m,410.0
480291906011,sex_not_work_age_tot_m,268.0
480291818091,sex_not_work_age_tot_m,323.0
480291818092,sex_not_work_age_tot_m,409.0
480291818094,sex_not_work_age_tot_m,149.0
480291906013,sex_not_work_age_tot_m,145.0
480291910041,sex_not_work_age_tot_m,294.0
480291910043,sex_not_work_age_tot_m,182.0
480291813022,sex_not_work_age_tot_m,422.0
480291212063,sex_not_work_age_tot_m,147.0
480291212061,sex_not_work_age_tot_m,429.0
480291212065,sex_not_work_age_tot_m,513.0
480291212062,sex_not_work_age_tot_m,203.0
480291214022,sex_not_work_age_tot_m,208.0
480291214021,sex_not_work_age_tot_m,1130.0
480291218031,sex_not_work_age_tot_m,348.0
480291218032,sex_not_work_age_tot_m,144.0
480291218033,sex_not_work_age_tot_m,455.0
480291218041,sex_not_work_age_tot_m,440.0
480291218042,sex_not_work_age_tot_m,510.0
480291218043,sex_not_work_age_tot_m,406.0
480291308001,sex_not_work_age_tot_m,777.0
480291308004,sex_not_work_age_tot_m,330.0
480291308002,sex_not_work_age_tot_m,158.0
480291308003,sex_not_work_age_tot_m,61.0
480291311003,sex_not_work_age_tot_m,201.0
480291311002,sex_not_work_age_tot_m,185.0
480291602002,sex_not_work_age_tot_m,151.0
480291817134,sex_not_work_age_tot_m,292.0
480291817132,sex_not_work_age_tot_m,357.0
480291817133,sex_not_work_age_tot_m,330.0
480291815054,sex_not_work_age_tot_m,308.0
480291815053,sex_not_work_age_tot_m,201.0
480291815051,sex_not_work_age_tot_m,117.0
480291817042,sex_not_work_age_tot_m,293.0
480291817044,sex_not_work_age_tot_m,131.0
480291817111,sex_not_work_age_tot_m,634.0
480291907002,sex_not_work_age_tot_m,88.0
480291907003,sex_not_work_age_tot_m,279.0
480291607011,sex_not_work_age_tot_m,218.0
480291607012,sex_not_work_age_tot_m,241.0
480291718011,sex_not_work_age_tot_m,181.0
480291718013,sex_not_work_age_tot_m,309.0
480291718014,sex_not_work_age_tot_m,202.0
480291718012,sex_not_work_age_tot_m,384.0
480291802013,sex_not_work_age_tot_m,503.0
480291802012,sex_not_work_age_tot_m,149.0
480291802014,sex_not_work_age_tot_m,204.0
480291802011,sex_not_work_age_tot_m,123.0
480291812001,sex_not_work_age_tot_m,131.0
480291812004,sex_not_work_age_tot_m,266.0
480291812002,sex_not_work_age_tot_m,204.0
480291812005,sex_not_work_age_tot_m,238.0
480291514004,sex_not_work_age_tot_m,221.0
480291511003,sex_not_work_age_tot_m,214.0
480291511001,sex_not_work_age_tot_m,150.0
480291514001,sex_not_work_age_tot_m,118.0
480291514002,sex_not_work_age_tot_m,391.0
480291905012,sex_not_work_age_tot_m,240.0
480291905013,sex_not_work_age_tot_m,241.0
480291905011,sex_not_work_age_tot_m,272.0
480291908001,sex_not_work_age_tot_m,133.0
480291908002,sex_not_work_age_tot_m,244.0
480291909011,sex_not_work_age_tot_m,214.0
480291909012,sex_not_work_age_tot_m,322.0
480291909021,sex_not_work_age_tot_m,301.0
480291909023,sex_not_work_age_tot_m,88.0
480291810012,sex_not_work_age_tot_m,286.0
480291810042,sex_not_work_age_tot_m,453.0
480291810041,sex_not_work_age_tot_m,212.0
480291901004,sex_not_work_age_tot_m,139.0
480291901003,sex_not_work_age_tot_m,222.0
480291901002,sex_not_work_age_tot_m,160.0
480291719021,sex_not_work_age_tot_m,344.0
480291311001,sex_not_work_age_tot_m,127.0
480291203008,sex_not_work_age_tot_m,143.0
480291203007,sex_not_work_age_tot_m,217.0
480291501001,sex_not_work_age_tot_m,150.0
480291501004,sex_not_work_age_tot_m,222.0
480291506004,sex_not_work_age_tot_m,368.0
480291506003,sex_not_work_age_tot_m,137.0
480291511007,sex_not_work_age_tot_m,563.0
480291511005,sex_not_work_age_tot_m,346.0
480291511004,sex_not_work_age_tot_m,143.0
480291918042,sex_not_work_age_tot_m,521.0
480291918041,sex_not_work_age_tot_m,474.0
480291210004,sex_not_work_age_tot_m,129.0
480291210003,sex_not_work_age_tot_m,436.0
480291210005,sex_not_work_age_tot_m,391.0
480291210006,sex_not_work_age_tot_m,186.0
480291211102,sex_not_work_age_tot_m,187.0
480291215062,sex_not_work_age_tot_m,191.0
480291215061,sex_not_work_age_tot_m,263.0
480291305001,sex_not_work_age_tot_m,175.0
480291305003,sex_not_work_age_tot_m,348.0
480291305002,sex_not_work_age_tot_m,196.0
480291305004,sex_not_work_age_tot_m,284.0
480291904003,sex_not_work_age_tot_m,131.0
480291211081,sex_not_work_age_tot_m,241.0
480291211083,sex_not_work_age_tot_m,234.0
480291211084,sex_not_work_age_tot_m,218.0
480291207015,sex_not_work_age_tot_m,176.0
480291215042,sex_not_work_age_tot_m,197.0
480291215041,sex_not_work_age_tot_m,271.0
480291503001,sex_not_work_age_tot_m,244.0
480291503004,sex_not_work_age_tot_m,368.0
480291503003,sex_not_work_age_tot_m,134.0
480291602003,sex_not_work_age_tot_m,193.0
480291508002,sex_not_work_age_tot_m,75.0
480291508003,sex_not_work_age_tot_m,446.0
480291712003,sex_not_work_age_tot_m,176.0
480291418001,sex_not_work_age_tot_m,311.0
480291418002,sex_not_work_age_tot_m,100.0
480291512005,sex_not_work_age_tot_m,795.0
480291512003,sex_not_work_age_tot_m,351.0
480291512001,sex_not_work_age_tot_m,244.0
480291107001,sex_not_work_age_tot_m,323.0
480291904001,sex_not_work_age_tot_m,91.0
480291719121,sex_not_work_age_tot_m,701.0
480291817122,sex_not_work_age_tot_m,317.0
480291816023,sex_not_work_age_tot_m,347.0
480291816021,sex_not_work_age_tot_m,124.0
480291818081,sex_not_work_age_tot_m,305.0
480291821021,sex_not_work_age_tot_m,509.0
480291911011,sex_not_work_age_tot_m,179.0
480291911012,sex_not_work_age_tot_m,220.0
480291219082,sex_not_work_age_tot_m,333.0
480291219091,sex_not_work_age_tot_m,455.0
480291219092,sex_not_work_age_tot_m,772.0
480291219101,sex_not_work_age_tot_m,1425.0
480291219102,sex_not_work_age_tot_m,175.0
480291304011,sex_not_work_age_tot_m,202.0
480291304012,sex_not_work_age_tot_m,74.0
480291304013,sex_not_work_age_tot_m,290.0
480291304014,sex_not_work_age_tot_m,164.0
480291304021,sex_not_work_age_tot_m,262.0
480291304022,sex_not_work_age_tot_m,486.0
480291304023,sex_not_work_age_tot_m,246.0
480291314011,sex_not_work_age_tot_m,1454.0
480291314012,sex_not_work_age_tot_m,663.0
480291314021,sex_not_work_age_tot_m,93.0
480291719182,sex_not_work_age_tot_m,169.0
480291719184,sex_not_work_age_tot_m,194.0
480291719191,sex_not_work_age_tot_m,1191.0
480291719202,sex_not_work_age_tot_m,828.0
480291719211,sex_not_work_age_tot_m,536.0
480291719213,sex_not_work_age_tot_m,179.0
480291719221,sex_not_work_age_tot_m,645.0
480291719232,sex_not_work_age_tot_m,254.0
480291719233,sex_not_work_age_tot_m,218.0
480291719241,sex_not_work_age_tot_m,851.0
480291720022,sex_not_work_age_tot_m,1536.0
480291719242,sex_not_work_age_tot_m,283.0
480291719252,sex_not_work_age_tot_m,171.0
480291719254,sex_not_work_age_tot_m,672.0
480291720031,sex_not_work_age_tot_m,641.0
480291720032,sex_not_work_age_tot_m,621.0
480291720051,sex_not_work_age_tot_m,826.0
480291720052,sex_not_work_age_tot_m,1459.0
480291720062,sex_not_work_age_tot_m,461.0
480291720063,sex_not_work_age_tot_m,373.0
480291720072,sex_not_work_age_tot_m,589.0
480291720073,sex_not_work_age_tot_m,1087.0
480291801012,sex_not_work_age_tot_m,294.0
480291315031,sex_not_work_age_tot_m,224.0
480291315032,sex_not_work_age_tot_m,116.0
480291315041,sex_not_work_age_tot_m,291.0
480291315042,sex_not_work_age_tot_m,250.0
480291315051,sex_not_work_age_tot_m,640.0
480291315052,sex_not_work_age_tot_m,474.0
480291315062,sex_not_work_age_tot_m,445.0
480291316081,sex_not_work_age_tot_m,586.0
480291315071,sex_not_work_age_tot_m,744.0
480291315073,sex_not_work_age_tot_m,521.0
480291316012,sex_not_work_age_tot_m,567.0
480291316082,sex_not_work_age_tot_m,608.0
480291316092,sex_not_work_age_tot_m,247.0
480291316093,sex_not_work_age_tot_m,373.0
480291316102,sex_not_work_age_tot_m,468.0
480291316111,sex_not_work_age_tot_m,203.0
480291316131,sex_not_work_age_tot_m,310.0
480291316132,sex_not_work_age_tot_m,505.0
480291316142,sex_not_work_age_tot_m,66.0
480291316151,sex_not_work_age_tot_m,239.0
480291316153,sex_not_work_age_tot_m,109.0
480291316154,sex_not_work_age_tot_m,217.0
480291318012,sex_not_work_age_tot_m,140.0
480291318021,sex_not_work_age_tot_m,352.0
480291318023,sex_not_work_age_tot_m,304.0
480291411011,sex_not_work_age_tot_m,234.0
480291411013,sex_not_work_age_tot_m,310.0
480291411021,sex_not_work_age_tot_m,287.0
480291411023,sex_not_work_age_tot_m,269.0
480291414022,sex_not_work_age_tot_m,347.0
480291414032,sex_not_work_age_tot_m,493.0
480291414041,sex_not_work_age_tot_m,430.0
480291414043,sex_not_work_age_tot_m,109.0
480291416002,sex_not_work_age_tot_m,435.0
480291513011,sex_not_work_age_tot_m,117.0
480291513012,sex_not_work_age_tot_m,230.0
480291513013,sex_not_work_age_tot_m,275.0
480291513014,sex_not_work_age_tot_m,288.0
480291513021,sex_not_work_age_tot_m,335.0
480291513022,sex_not_work_age_tot_m,411.0
480291521003,sex_not_work_age_tot_m,136.0
480291521004,sex_not_work_age_tot_m,319.0
480291522011,sex_not_work_age_tot_m,770.0
480291522012,sex_not_work_age_tot_m,595.0
480291522013,sex_not_work_age_tot_m,308.0
480291522021,sex_not_work_age_tot_m,729.0
480291605011,sex_not_work_age_tot_m,656.0
480291605012,sex_not_work_age_tot_m,236.0
480291605021,sex_not_work_age_tot_m,178.0
480291609013,sex_not_work_age_tot_m,273.0
480291605022,sex_not_work_age_tot_m,289.0
480291605024,sex_not_work_age_tot_m,434.0
480291609011,sex_not_work_age_tot_m,132.0
480291609021,sex_not_work_age_tot_m,381.0
480291609023,sex_not_work_age_tot_m,375.0
480291613022,sex_not_work_age_tot_m,314.0
480291613032,sex_not_work_age_tot_m,691.0
480291613041,sex_not_work_age_tot_m,542.0
480291614001,sex_not_work_age_tot_m,387.0
480291615031,sex_not_work_age_tot_m,463.0
480291615033,sex_not_work_age_tot_m,354.0
480291615041,sex_not_work_age_tot_m,313.0
480291618011,sex_not_work_age_tot_m,750.0
480291618012,sex_not_work_age_tot_m,344.0
480291618022,sex_not_work_age_tot_m,806.0
480291619011,sex_not_work_age_tot_m,261.0
480291619022,sex_not_work_age_tot_m,762.0
480291619023,sex_not_work_age_tot_m,743.0
480291620032,sex_not_work_age_tot_m,264.0
480291620033,sex_not_work_age_tot_m,233.0
480291620042,sex_not_work_age_tot_m,597.0
480291713011,sex_not_work_age_tot_m,125.0
480291713021,sex_not_work_age_tot_m,193.0
480291713022,sex_not_work_age_tot_m,90.0
480291716011,sex_not_work_age_tot_m,661.0
480291716013,sex_not_work_age_tot_m,220.0
480291716021,sex_not_work_age_tot_m,472.0
480291719022,sex_not_work_age_tot_m,574.0
480291719023,sex_not_work_age_tot_m,1364.0
480291719131,sex_not_work_age_tot_m,1071.0
480291719132,sex_not_work_age_tot_m,340.0
480291719142,sex_not_work_age_tot_m,301.0
480291719143,sex_not_work_age_tot_m,340.0
480291719161,sex_not_work_age_tot_m,582.0
480291719162,sex_not_work_age_tot_m,236.0
480291719171,sex_not_work_age_tot_m,786.0
480291719172,sex_not_work_age_tot_m,1175.0
480291215053,sex_not_work_age_tot_m,369.0
480291216051,sex_not_work_age_tot_m,200.0
480291216052,sex_not_work_age_tot_m,95.0
480291216062,sex_not_work_age_tot_m,368.0
480291216063,sex_not_work_age_tot_m,190.0
480291217011,sex_not_work_age_tot_m,300.0
480291217012,sex_not_work_age_tot_m,174.0
480291217014,sex_not_work_age_tot_m,145.0
480291217021,sex_not_work_age_tot_m,827.0
480291217023,sex_not_work_age_tot_m,587.0
480291218081,sex_not_work_age_tot_m,139.0
480291218091,sex_not_work_age_tot_m,202.0
480291218092,sex_not_work_age_tot_m,508.0
480291218101,sex_not_work_age_tot_m,577.0
480291218102,sex_not_work_age_tot_m,206.0
480291218112,sex_not_work_age_tot_m,152.0
480291218121,sex_not_work_age_tot_m,748.0
480291219032,sex_not_work_age_tot_m,607.0
480291218123,sex_not_work_age_tot_m,114.0
480291218124,sex_not_work_age_tot_m,128.0
480291219031,sex_not_work_age_tot_m,378.0
480291219042,sex_not_work_age_tot_m,374.0
480291219051,sex_not_work_age_tot_m,225.0
480291219061,sex_not_work_age_tot_m,398.0
480291219062,sex_not_work_age_tot_m,386.0
480291219072,sex_not_work_age_tot_m,1930.0
480291219081,sex_not_work_age_tot_m,392.0
480291209024,sex_not_work_age_tot_m,194.0
480291211103,sex_not_work_age_tot_m,325.0
480291211183,sex_not_work_age_tot_m,453.0
480291211192,sex_not_work_age_tot_m,551.0
480291211193,sex_not_work_age_tot_m,408.0
480291211202,sex_not_work_age_tot_m,448.0
480291211211,sex_not_work_age_tot_m,277.0
480291211212,sex_not_work_age_tot_m,251.0
480291211221,sex_not_work_age_tot_m,442.0
480291211222,sex_not_work_age_tot_m,245.0
480291211223,sex_not_work_age_tot_m,382.0
480291215014,sex_not_work_age_tot_m,569.0
480291713023,sex_not_work_age_tot_m,169.0
480291713024,sex_not_work_age_tot_m,172.0
480291714012,sex_not_work_age_tot_m,563.0
480291714021,sex_not_work_age_tot_m,567.0
480291714023,sex_not_work_age_tot_m,627.0
480291715011,sex_not_work_age_tot_m,269.0
480291715021,sex_not_work_age_tot_m,221.0
480291715022,sex_not_work_age_tot_m,98.0
480291715024,sex_not_work_age_tot_m,208.0
480291914121,sex_not_work_age_tot_m,548.0
480291914131,sex_not_work_age_tot_m,518.0
480291914132,sex_not_work_age_tot_m,478.0
480291915031,sex_not_work_age_tot_m,299.0
480291915032,sex_not_work_age_tot_m,424.0
480291915033,sex_not_work_age_tot_m,269.0
480291915041,sex_not_work_age_tot_m,294.0
480291915042,sex_not_work_age_tot_m,356.0
480291915051,sex_not_work_age_tot_m,215.0
480291915052,sex_not_work_age_tot_m,333.0
480291915061,sex_not_work_age_tot_m,398.0
480291915062,sex_not_work_age_tot_m,641.0
480291915063,sex_not_work_age_tot_m,286.0
480291917012,sex_not_work_age_tot_m,176.0
480291917021,sex_not_work_age_tot_m,651.0
480291917023,sex_not_work_age_tot_m,139.0
480291917024,sex_not_work_age_tot_m,476.0
480291918061,sex_not_work_age_tot_m,191.0
480291918062,sex_not_work_age_tot_m,303.0
480291918071,sex_not_work_age_tot_m,856.0
480291918072,sex_not_work_age_tot_m,478.0
480291918082,sex_not_work_age_tot_m,235.0
480291918091,sex_not_work_age_tot_m,1144.0
480291918101,sex_not_work_age_tot_m,508.0
480291918102,sex_not_work_age_tot_m,376.0
480291918121,sex_not_work_age_tot_m,558.0
480291918122,sex_not_work_age_tot_m,275.0
480291918132,sex_not_work_age_tot_m,500.0
480291821062,sex_not_work_age_tot_m,661.0
480291905031,sex_not_work_age_tot_m,192.0
480291905033,sex_not_work_age_tot_m,255.0
480291905041,sex_not_work_age_tot_m,232.0
480291906031,sex_not_work_age_tot_m,190.0
480291906032,sex_not_work_age_tot_m,272.0
480291906042,sex_not_work_age_tot_m,330.0
480291906043,sex_not_work_age_tot_m,290.0
480291910052,sex_not_work_age_tot_m,176.0
480291910061,sex_not_work_age_tot_m,229.0
480291910063,sex_not_work_age_tot_m,233.0
480291801014,sex_not_work_age_tot_m,162.0
480291801015,sex_not_work_age_tot_m,134.0
480291801021,sex_not_work_age_tot_m,152.0
480291806044,sex_not_work_age_tot_m,108.0
480291801022,sex_not_work_age_tot_m,169.0
480291806041,sex_not_work_age_tot_m,425.0
480291806042,sex_not_work_age_tot_m,255.0
480291806045,sex_not_work_age_tot_m,304.0
480291810033,sex_not_work_age_tot_m,433.0
480291813032,sex_not_work_age_tot_m,456.0
480291814032,sex_not_work_age_tot_m,539.0
480291814033,sex_not_work_age_tot_m,155.0
480291814042,sex_not_work_age_tot_m,119.0
480291815032,sex_not_work_age_tot_m,408.0
480291817112,sex_not_work_age_tot_m,273.0
480291817113,sex_not_work_age_tot_m,707.0
480291817153,sex_not_work_age_tot_m,183.0
480291817162,sex_not_work_age_tot_m,273.0
480291817163,sex_not_work_age_tot_m,276.0
480291817164,sex_not_work_age_tot_m,88.0
480291817183,sex_not_work_age_tot_m,267.0
480291817201,sex_not_work_age_tot_m,752.0
480291817202,sex_not_work_age_tot_m,196.0
480291817211,sex_not_work_age_tot_m,255.0
480291817212,sex_not_work_age_tot_m,273.0
480291817231,sex_not_work_age_tot_m,328.0
480291817221,sex_not_work_age_tot_m,340.0
480291817222,sex_not_work_age_tot_m,326.0
480291817223,sex_not_work_age_tot_m,264.0
480291817232,sex_not_work_age_tot_m,223.0
480291817233,sex_not_work_age_tot_m,460.0
480291817241,sex_not_work_age_tot_m,600.0
480291817242,sex_not_work_age_tot_m,539.0
480291817251,sex_not_work_age_tot_m,299.0
480291817261,sex_not_work_age_tot_m,658.0
480291817262,sex_not_work_age_tot_m,794.0
480291817271,sex_not_work_age_tot_m,535.0
480291817272,sex_not_work_age_tot_m,121.0
480291817282,sex_not_work_age_tot_m,1005.0
480291817291,sex_not_work_age_tot_m,1618.0
480291817302,sex_not_work_age_tot_m,518.0
480291817311,sex_not_work_age_tot_m,203.0
480291817313,sex_not_work_age_tot_m,474.0
480291817314,sex_not_work_age_tot_m,261.0
480291818131,sex_not_work_age_tot_m,295.0
480291818133,sex_not_work_age_tot_m,317.0
480291818141,sex_not_work_age_tot_m,153.0
480291818151,sex_not_work_age_tot_m,213.0
480291818152,sex_not_work_age_tot_m,270.0
480291818162,sex_not_work_age_tot_m,570.0
480291818171,sex_not_work_age_tot_m,440.0
480291818181,sex_not_work_age_tot_m,497.0
480291818182,sex_not_work_age_tot_m,455.0
480291818191,sex_not_work_age_tot_m,29.0
480291818192,sex_not_work_age_tot_m,919.0
480291818202,sex_not_work_age_tot_m,211.0
480291818211,sex_not_work_age_tot_m,160.0
480291818221,sex_not_work_age_tot_m,141.0
480291818222,sex_not_work_age_tot_m,278.0
480291818231,sex_not_work_age_tot_m,384.0
480291818241,sex_not_work_age_tot_m,197.0
480291912012,sex_not_work_age_tot_m,216.0
480291910064,sex_not_work_age_tot_m,165.0
480291912011,sex_not_work_age_tot_m,336.0
480291912021,sex_not_work_age_tot_m,209.0
480291912022,sex_not_work_age_tot_m,163.0
480291912023,sex_not_work_age_tot_m,110.0
480291912024,sex_not_work_age_tot_m,236.0
480291913031,sex_not_work_age_tot_m,304.0
480291913041,sex_not_work_age_tot_m,139.0
480291913042,sex_not_work_age_tot_m,372.0
480291914062,sex_not_work_age_tot_m,319.0
480291914063,sex_not_work_age_tot_m,278.0
480291914082,sex_not_work_age_tot_m,164.0
480291914101,sex_not_work_age_tot_m,190.0
480291914102,sex_not_work_age_tot_m,382.0
480291914103,sex_not_work_age_tot_m,194.0
480291914111,sex_not_work_age_tot_m,327.0
480291914112,sex_not_work_age_tot_m,388.0
480291818242,sex_not_work_age_tot_m,244.0
480291818251,sex_not_work_age_tot_m,249.0
480291818252,sex_not_work_age_tot_m,547.0
480291818261,sex_not_work_age_tot_m,363.0
480291818262,sex_not_work_age_tot_m,497.0
480291818263,sex_not_work_age_tot_m,138.0
480291818264,sex_not_work_age_tot_m,275.0
480291819011,sex_not_work_age_tot_m,167.0
480291819012,sex_not_work_age_tot_m,411.0
480291819021,sex_not_work_age_tot_m,1061.0
480291819022,sex_not_work_age_tot_m,625.0
480291820011,sex_not_work_age_tot_m,429.0
480291820012,sex_not_work_age_tot_m,728.0
480291820021,sex_not_work_age_tot_m,1157.0
480291820023,sex_not_work_age_tot_m,883.0
480291820032,sex_not_work_age_tot_m,249.0
480291821012,sex_not_work_age_tot_m,632.0
480291821022,sex_not_work_age_tot_m,548.0
480291821023,sex_not_work_age_tot_m,1258.0
480291821061,sex_not_work_age_tot_m,634.0
480291918142,sex_not_work_age_tot_m,570.0
480291918151,sex_not_work_age_tot_m,576.0
480291918161,sex_not_work_age_tot_m,293.0
480291918162,sex_not_work_age_tot_m,262.0
480291918172,sex_not_work_age_tot_m,646.0
480291919001,sex_not_work_age_tot_m,163.0
480291919003,sex_not_work_age_tot_m,42.0
480291919004,sex_not_work_age_tot_m,162.0
480291920001,sex_not_work_age_tot_m,257.0
480291920002,sex_not_work_age_tot_m,270.0
480291920004,sex_not_work_age_tot_m,61.0
480291920005,sex_not_work_age_tot_m,24.0
480291921002,sex_not_work_age_tot_m,105.0
480291922001,sex_not_work_age_tot_m,187.0
480291923001,sex_not_work_age_tot_m,123.0
480291923002,sex_not_work_age_tot_m,326.0
480291923003,sex_not_work_age_tot_m,180.0
480291923004,sex_not_work_age_tot_m,111.0
480299800011,sex_not_work_age_tot_m,0.0
480299800021,sex_not_work_age_tot_m,0.0
480299800031,sex_not_work_age_tot_m,152.0
480299800041,sex_not_work_age_tot_m,0.0
480299800051,sex_not_work_age_tot_m,0.0
480299801001,sex_not_work_age_tot_m,77.0
480291805033,sex_not_work_age_tot_m,396.0
480291704011,sex_not_work_age_tot_m,253.0
480291914081,sex_not_work_age_tot_m,318.0
480291914091,sex_not_work_age_tot_m,479.0
480291412006,sex_not_work_age_tot_m,165.0
480291412003,sex_not_work_age_tot_m,258.0
480291501002,sex_not_work_age_tot_m,355.0
480291407002,sex_not_work_age_tot_m,118.0
480291413002,sex_not_work_age_tot_m,613.0
480291414021,sex_not_work_age_tot_m,584.0
480291806022,sex_not_work_age_tot_m,514.0
480291101003,sex_not_work_age_tot_m,74.0
480291211121,sex_not_work_age_tot_m,286.0
480291519002,sex_not_work_age_tot_m,1051.0
480291409001,sex_not_work_age_tot_m,196.0
480291505011,sex_not_work_age_tot_m,135.0
480291505013,sex_not_work_age_tot_m,296.0
480291110001,sex_not_work_age_tot_m,134.0
480291204002,sex_not_work_age_tot_m,131.0
480291204006,sex_not_work_age_tot_m,209.0
480291204004,sex_not_work_age_tot_m,421.0
480291710005,sex_not_work_age_tot_m,133.0
480291710003,sex_not_work_age_tot_m,317.0
480291717005,sex_not_work_age_tot_m,237.0
480291213004,sex_not_work_age_tot_m,322.0
480291215012,sex_not_work_age_tot_m,461.0
480291215073,sex_not_work_age_tot_m,176.0
480291312001,sex_not_work_age_tot_m,270.0
480291404003,sex_not_work_age_tot_m,51.0
480291101001,sex_not_work_age_tot_m,23.0
480291209023,sex_not_work_age_tot_m,375.0
480291214032,sex_not_work_age_tot_m,220.0
480291216041,sex_not_work_age_tot_m,689.0
480291216044,sex_not_work_age_tot_m,595.0
480291207023,sex_not_work_age_tot_m,151.0
480291213002,sex_not_work_age_tot_m,260.0
480291703001,sex_not_work_age_tot_m,214.0
480291704022,sex_not_work_age_tot_m,108.0
480291704023,sex_not_work_age_tot_m,249.0
480291706002,sex_not_work_age_tot_m,233.0
480291707001,sex_not_work_age_tot_m,248.0
480291212041,sex_not_work_age_tot_m,369.0
480291212045,sex_not_work_age_tot_m,68.0
480291416001,sex_not_work_age_tot_m,711.0
480291215051,sex_not_work_age_tot_m,426.0
480291403001,sex_not_work_age_tot_m,218.0
480291701013,sex_not_work_age_tot_m,191.0
480291718021,sex_not_work_age_tot_m,299.0
480291718024,sex_not_work_age_tot_m,214.0
480291507005,sex_not_work_age_tot_m,274.0
480291507002,sex_not_work_age_tot_m,256.0
480291507004,sex_not_work_age_tot_m,152.0
480291601002,sex_not_work_age_tot_m,342.0
480291813021,sex_not_work_age_tot_m,240.0
480291815063,sex_not_work_age_tot_m,330.0
480291809024,sex_not_work_age_tot_m,251.0
480291810032,sex_not_work_age_tot_m,268.0
480291810053,sex_not_work_age_tot_m,244.0
480291817152,sex_not_work_age_tot_m,155.0
480291203001,sex_not_work_age_tot_m,322.0
480291205011,sex_not_work_age_tot_m,188.0
480291205016,sex_not_work_age_tot_m,347.0
480291205017,sex_not_work_age_tot_m,249.0
480291211151,sex_not_work_age_tot_m,242.0
480291211173,sex_not_work_age_tot_m,268.0
480291815031,sex_not_work_age_tot_m,565.0
480291215082,sex_not_work_age_tot_m,269.0
480291914054,sex_not_work_age_tot_m,271.0
480291709002,sex_not_work_age_tot_m,309.0
480291615012,sex_not_work_age_tot_m,138.0
480291615014,sex_not_work_age_tot_m,403.0
480291701023,sex_not_work_age_tot_m,331.0
480291711002,sex_not_work_age_tot_m,324.0
480291807024,sex_not_work_age_tot_m,244.0
480291807021,sex_not_work_age_tot_m,429.0
480291809013,sex_not_work_age_tot_m,219.0
480291108003,sex_not_work_age_tot_m,109.0
480291211163,sex_not_work_age_tot_m,277.0
480291212034,sex_not_work_age_tot_m,216.0
480291212033,sex_not_work_age_tot_m,146.0
480291817181,sex_not_work_age_tot_m,382.0
480291902005,sex_not_work_age_tot_m,254.0
480291902002,sex_not_work_age_tot_m,62.0
480291802024,sex_not_work_age_tot_m,90.0
480291802022,sex_not_work_age_tot_m,224.0
480291805014,sex_not_work_age_tot_m,274.0
480291808003,sex_not_work_age_tot_m,54.0
480291708001,sex_not_work_age_tot_m,208.0
480291106001,sex_not_work_age_tot_m,185.0
480291510002,sex_not_work_age_tot_m,172.0
480291510003,sex_not_work_age_tot_m,247.0
480291607021,sex_not_work_age_tot_m,53.0
480291607022,sex_not_work_age_tot_m,470.0
480291215083,sex_not_work_age_tot_m,183.0
480291216011,sex_not_work_age_tot_m,211.0
480291218022,sex_not_work_age_tot_m,573.0
480291303004,sex_not_work_age_tot_m,224.0
480291303003,sex_not_work_age_tot_m,182.0
480291909014,sex_not_work_age_tot_m,147.0
480291809011,sex_not_work_age_tot_m,188.0
480291815043,sex_not_work_age_tot_m,106.0
480291816011,sex_not_work_age_tot_m,174.0
480291818093,sex_not_work_age_tot_m,113.0
480291821011,sex_not_work_age_tot_m,894.0
480291906012,sex_not_work_age_tot_m,251.0
480291910042,sex_not_work_age_tot_m,256.0
480291212052,sex_not_work_age_tot_m,305.0
480291212064,sex_not_work_age_tot_m,233.0
480291212066,sex_not_work_age_tot_m,483.0
480291602001,sex_not_work_age_tot_m,134.0
480291817131,sex_not_work_age_tot_m,492.0
480291815052,sex_not_work_age_tot_m,354.0
480291817041,sex_not_work_age_tot_m,307.0
480291817043,sex_not_work_age_tot_m,277.0
480291907001,sex_not_work_age_tot_m,117.0
480291812003,sex_not_work_age_tot_m,226.0
480291511006,sex_not_work_age_tot_m,0.0
480291514003,sex_not_work_age_tot_m,327.0
480291909022,sex_not_work_age_tot_m,369.0
480291810011,sex_not_work_age_tot_m,433.0
480291821031,sex_not_work_age_tot_m,488.0
480291901001,sex_not_work_age_tot_m,90.0
480291817033,sex_not_work_age_tot_m,562.0
480291803004,sex_not_work_age_tot_m,189.0
480291313003,sex_not_work_age_tot_m,609.0
480291313002,sex_not_work_age_tot_m,339.0
480291103001,sex_not_work_age_tot_m,339.0
480291206007,sex_not_work_age_tot_m,74.0
480291206004,sex_not_work_age_tot_m,170.0
480291206001,sex_not_work_age_tot_m,51.0
480291517005,sex_not_work_age_tot_m,336.0
480291517004,sex_not_work_age_tot_m,105.0
480291719031,sex_not_work_age_tot_m,332.0
480291717002,sex_not_work_age_tot_m,284.0
480291719033,sex_not_work_age_tot_m,371.0
480291509004,sex_not_work_age_tot_m,125.0
480291509003,sex_not_work_age_tot_m,150.0
480291705001,sex_not_work_age_tot_m,260.0
480291805041,sex_not_work_age_tot_m,295.0
480291205022,sex_not_work_age_tot_m,112.0
480291205021,sex_not_work_age_tot_m,433.0
480291207014,sex_not_work_age_tot_m,176.0
480291302001,sex_not_work_age_tot_m,103.0
480291410001,sex_not_work_age_tot_m,116.0
480291516005,sex_not_work_age_tot_m,170.0
480291516003,sex_not_work_age_tot_m,653.0
480291817053,sex_not_work_age_tot_m,274.0
480291606002,sex_not_work_age_tot_m,321.0
480291419001,sex_not_work_age_tot_m,226.0
480291515001,sex_not_work_age_tot_m,137.0
480291603001,sex_not_work_age_tot_m,273.0
480291603004,sex_not_work_age_tot_m,276.0
480291613021,sex_not_work_age_tot_m,939.0
480291804002,sex_not_work_age_tot_m,478.0
480291807011,sex_not_work_age_tot_m,201.0
480291811001,sex_not_work_age_tot_m,221.0
480291211082,sex_not_work_age_tot_m,568.0
480291203004,sex_not_work_age_tot_m,217.0
480291203006,sex_not_work_age_tot_m,217.0
480291506002,sex_not_work_age_tot_m,182.0
480291506001,sex_not_work_age_tot_m,336.0
480291511002,sex_not_work_age_tot_m,238.0
480291105001,sex_not_work_age_tot_m,517.0
480291210002,sex_not_work_age_tot_m,148.0
480291210001,sex_not_work_age_tot_m,79.0
480291211101,sex_not_work_age_tot_m,397.0
480291215063,sex_not_work_age_tot_m,160.0
480291315033,sex_not_work_age_tot_m,177.0
480291315043,sex_not_work_age_tot_m,326.0
480291315061,sex_not_work_age_tot_m,48.0
480291315072,sex_not_work_age_tot_m,148.0
480291316062,sex_not_work_age_tot_m,557.0
480291316091,sex_not_work_age_tot_m,638.0
480291316101,sex_not_work_age_tot_m,680.0
480291316121,sex_not_work_age_tot_m,408.0
480291316141,sex_not_work_age_tot_m,573.0
480291316152,sex_not_work_age_tot_m,359.0
480291318011,sex_not_work_age_tot_m,280.0
480291318022,sex_not_work_age_tot_m,70.0
480291411012,sex_not_work_age_tot_m,333.0
480291522022,sex_not_work_age_tot_m,131.0
480291411022,sex_not_work_age_tot_m,107.0
480291414031,sex_not_work_age_tot_m,500.0
480291414042,sex_not_work_age_tot_m,432.0
480291605013,sex_not_work_age_tot_m,432.0
480291605023,sex_not_work_age_tot_m,210.0
480291609012,sex_not_work_age_tot_m,151.0
480291609022,sex_not_work_age_tot_m,286.0
480291613031,sex_not_work_age_tot_m,491.0
480291613042,sex_not_work_age_tot_m,567.0
480291615032,sex_not_work_age_tot_m,275.0
480291615042,sex_not_work_age_tot_m,607.0
480291618021,sex_not_work_age_tot_m,1379.0
480291619021,sex_not_work_age_tot_m,409.0
480291620031,sex_not_work_age_tot_m,543.0
480291620041,sex_not_work_age_tot_m,402.0
480291713012,sex_not_work_age_tot_m,425.0
480291716012,sex_not_work_age_tot_m,169.0
480291716022,sex_not_work_age_tot_m,244.0
480291719122,sex_not_work_age_tot_m,465.0
480291719141,sex_not_work_age_tot_m,158.0
480291719151,sex_not_work_age_tot_m,489.0
480291719163,sex_not_work_age_tot_m,624.0
480291719181,sex_not_work_age_tot_m,91.0
480291215044,sex_not_work_age_tot_m,515.0
480291215064,sex_not_work_age_tot_m,295.0
480291216061,sex_not_work_age_tot_m,151.0
480291216064,sex_not_work_age_tot_m,133.0
480291217013,sex_not_work_age_tot_m,192.0
480291217022,sex_not_work_age_tot_m,109.0
480291218082,sex_not_work_age_tot_m,418.0
480291218093,sex_not_work_age_tot_m,350.0
480291218111,sex_not_work_age_tot_m,636.0
480291218122,sex_not_work_age_tot_m,343.0
480291218131,sex_not_work_age_tot_m,302.0
480291219041,sex_not_work_age_tot_m,210.0
480291219052,sex_not_work_age_tot_m,658.0
480291219071,sex_not_work_age_tot_m,210.0
480291211085,sex_not_work_age_tot_m,212.0
480291211191,sex_not_work_age_tot_m,31.0
480291211201,sex_not_work_age_tot_m,550.0
480291207013,sex_not_work_age_tot_m,174.0
480291215043,sex_not_work_age_tot_m,178.0
480291503002,sex_not_work_age_tot_m,266.0
480291418003,sex_not_work_age_tot_m,537.0
480291508001,sex_not_work_age_tot_m,444.0
480291712001,sex_not_work_age_tot_m,173.0
480291712002,sex_not_work_age_tot_m,217.0
480291512004,sex_not_work_age_tot_m,179.0
480291904002,sex_not_work_age_tot_m,162.0
480291817121,sex_not_work_age_tot_m,595.0
480291816024,sex_not_work_age_tot_m,428.0
480291816022,sex_not_work_age_tot_m,250.0
480291314022,sex_not_work_age_tot_m,496.0
480291719183,sex_not_work_age_tot_m,487.0
480291719201,sex_not_work_age_tot_m,512.0
480291719212,sex_not_work_age_tot_m,267.0
480291719231,sex_not_work_age_tot_m,239.0
480291719234,sex_not_work_age_tot_m,647.0
480291719251,sex_not_work_age_tot_m,284.0
480291719253,sex_not_work_age_tot_m,931.0
480291720023,sex_not_work_age_tot_m,1124.0
480291720041,sex_not_work_age_tot_m,949.0
480291720061,sex_not_work_age_tot_m,756.0
480291720071,sex_not_work_age_tot_m,723.0
480291801011,sex_not_work_age_tot_m,205.0
480291714011,sex_not_work_age_tot_m,478.0
480291714022,sex_not_work_age_tot_m,139.0
480291715012,sex_not_work_age_tot_m,267.0
480291715023,sex_not_work_age_tot_m,391.0
480291917011,sex_not_work_age_tot_m,174.0
480291917022,sex_not_work_age_tot_m,341.0
480291918043,sex_not_work_age_tot_m,389.0
480291918111,sex_not_work_age_tot_m,1004.0
480291918063,sex_not_work_age_tot_m,1232.0
480291918081,sex_not_work_age_tot_m,638.0
480291918092,sex_not_work_age_tot_m,441.0
480291918131,sex_not_work_age_tot_m,840.0
480291817252,sex_not_work_age_tot_m,273.0
480291817263,sex_not_work_age_tot_m,809.0
480291817281,sex_not_work_age_tot_m,1326.0
480291817301,sex_not_work_age_tot_m,137.0
480291817312,sex_not_work_age_tot_m,537.0
480291818112,sex_not_work_age_tot_m,169.0
480291818132,sex_not_work_age_tot_m,207.0
480291818142,sex_not_work_age_tot_m,217.0
480291818161,sex_not_work_age_tot_m,300.0
480291818172,sex_not_work_age_tot_m,93.0
480291818183,sex_not_work_age_tot_m,137.0
480291818201,sex_not_work_age_tot_m,0.0
480291818212,sex_not_work_age_tot_m,511.0
480291818223,sex_not_work_age_tot_m,368.0
480291905032,sex_not_work_age_tot_m,132.0
480291905042,sex_not_work_age_tot_m,240.0
480291906041,sex_not_work_age_tot_m,355.0
480291910051,sex_not_work_age_tot_m,216.0
480291910062,sex_not_work_age_tot_m,192.0
480291801013,sex_not_work_age_tot_m,168.0
480291801016,sex_not_work_age_tot_m,70.0
480291806031,sex_not_work_age_tot_m,471.0
480291806043,sex_not_work_age_tot_m,122.0
480291807026,sex_not_work_age_tot_m,231.0
480291814031,sex_not_work_age_tot_m,340.0
480291814041,sex_not_work_age_tot_m,808.0
480291815044,sex_not_work_age_tot_m,75.0
480291817154,sex_not_work_age_tot_m,289.0
480291820022,sex_not_work_age_tot_m,253.0
480291820031,sex_not_work_age_tot_m,792.0
480291821013,sex_not_work_age_tot_m,502.0
480291821051,sex_not_work_age_tot_m,645.0
480291910065,sex_not_work_age_tot_m,101.0
480291912013,sex_not_work_age_tot_m,62.0
480291918141,sex_not_work_age_tot_m,612.0
480291918152,sex_not_work_age_tot_m,404.0
480291918171,sex_not_work_age_tot_m,2034.0
480291919002,sex_not_work_age_tot_m,113.0
480291919005,sex_not_work_age_tot_m,130.0
480291920003,sex_not_work_age_tot_m,160.0
480291921001,sex_not_work_age_tot_m,118.0
480291922002,sex_not_work_age_tot_m,133.0
480291805031,sex_not_work_age_tot_f,67.0
480291805032,sex_not_work_age_tot_f,370.0
480291704013,sex_not_work_age_tot_f,502.0
480291704012,sex_not_work_age_tot_f,163.0
480291914061,sex_not_work_age_tot_f,538.0
480291914092,sex_not_work_age_tot_f,331.0
480291212042,sex_not_work_age_tot_f,191.0
480291215081,sex_not_work_age_tot_f,410.0
480291914051,sex_not_work_age_tot_f,347.0
480291914052,sex_not_work_age_tot_f,336.0
480291914053,sex_not_work_age_tot_f,418.0
480291914055,sex_not_work_age_tot_f,265.0
480291709001,sex_not_work_age_tot_f,491.0
480291709003,sex_not_work_age_tot_f,145.0
480291610002,sex_not_work_age_tot_f,549.0
480291610001,sex_not_work_age_tot_f,391.0
480291615015,sex_not_work_age_tot_f,285.0
480291615011,sex_not_work_age_tot_f,823.0
480291615013,sex_not_work_age_tot_f,198.0
480291711001,sex_not_work_age_tot_f,388.0
480291620011,sex_not_work_age_tot_f,442.0
480291701022,sex_not_work_age_tot_f,156.0
480291701021,sex_not_work_age_tot_f,244.0
480291807022,sex_not_work_age_tot_f,198.0
480291807023,sex_not_work_age_tot_f,46.0
480291807025,sex_not_work_age_tot_f,180.0
480291809012,sex_not_work_age_tot_f,277.0
480291809015,sex_not_work_age_tot_f,135.0
480291106003,sex_not_work_age_tot_f,255.0
480291108002,sex_not_work_age_tot_f,125.0
480291108001,sex_not_work_age_tot_f,94.0
480291208004,sex_not_work_age_tot_f,215.0
480291208006,sex_not_work_age_tot_f,187.0
480291208001,sex_not_work_age_tot_f,193.0
480291208002,sex_not_work_age_tot_f,241.0
480291208005,sex_not_work_age_tot_f,312.0
480291208007,sex_not_work_age_tot_f,131.0
480291208003,sex_not_work_age_tot_f,244.0
480291211113,sex_not_work_age_tot_f,345.0
480291211111,sex_not_work_age_tot_f,156.0
480291211112,sex_not_work_age_tot_f,301.0
480291211114,sex_not_work_age_tot_f,507.0
480291211161,sex_not_work_age_tot_f,295.0
480291211164,sex_not_work_age_tot_f,411.0
480291211162,sex_not_work_age_tot_f,174.0
480291211181,sex_not_work_age_tot_f,323.0
480291211182,sex_not_work_age_tot_f,107.0
480291212031,sex_not_work_age_tot_f,34.0
480291212032,sex_not_work_age_tot_f,273.0
480291212051,sex_not_work_age_tot_f,816.0
480291817182,sex_not_work_age_tot_f,306.0
480291818111,sex_not_work_age_tot_f,676.0
480291902003,sex_not_work_age_tot_f,148.0
480291902004,sex_not_work_age_tot_f,207.0
480291902001,sex_not_work_age_tot_f,98.0
480291802021,sex_not_work_age_tot_f,245.0
480291802023,sex_not_work_age_tot_f,184.0
480291805013,sex_not_work_age_tot_f,254.0
480291805012,sex_not_work_age_tot_f,47.0
480291805011,sex_not_work_age_tot_f,299.0
480291808002,sex_not_work_age_tot_f,247.0
480291808001,sex_not_work_age_tot_f,71.0
480291708002,sex_not_work_age_tot_f,133.0
480291106002,sex_not_work_age_tot_f,304.0
480291504001,sex_not_work_age_tot_f,72.0
480291504002,sex_not_work_age_tot_f,228.0
480291510001,sex_not_work_age_tot_f,196.0
480291521002,sex_not_work_age_tot_f,234.0
480291521001,sex_not_work_age_tot_f,168.0
480291607024,sex_not_work_age_tot_f,188.0
480291607023,sex_not_work_age_tot_f,252.0
480291616002,sex_not_work_age_tot_f,495.0
480291616001,sex_not_work_age_tot_f,524.0
480291216012,sex_not_work_age_tot_f,381.0
480291216013,sex_not_work_age_tot_f,268.0
480291216014,sex_not_work_age_tot_f,314.0
480291218021,sex_not_work_age_tot_f,432.0
480291218023,sex_not_work_age_tot_f,691.0
480291303002,sex_not_work_age_tot_f,244.0
480291303001,sex_not_work_age_tot_f,59.0
480291307002,sex_not_work_age_tot_f,214.0
480291307001,sex_not_work_age_tot_f,418.0
480291702004,sex_not_work_age_tot_f,224.0
480291702006,sex_not_work_age_tot_f,88.0
480291702002,sex_not_work_age_tot_f,120.0
480291702005,sex_not_work_age_tot_f,187.0
480291702001,sex_not_work_age_tot_f,80.0
480291316011,sex_not_work_age_tot_f,124.0
480291317001,sex_not_work_age_tot_f,225.0
480291412004,sex_not_work_age_tot_f,160.0
480291412001,sex_not_work_age_tot_f,393.0
480291412005,sex_not_work_age_tot_f,245.0
480291412002,sex_not_work_age_tot_f,219.0
480291501003,sex_not_work_age_tot_f,213.0
480291309002,sex_not_work_age_tot_f,256.0
480291309003,sex_not_work_age_tot_f,318.0
480291310003,sex_not_work_age_tot_f,166.0
480291310004,sex_not_work_age_tot_f,133.0
480291310001,sex_not_work_age_tot_f,688.0
480291310002,sex_not_work_age_tot_f,199.0
480291405003,sex_not_work_age_tot_f,179.0
480291405002,sex_not_work_age_tot_f,236.0
480291405001,sex_not_work_age_tot_f,155.0
480291405004,sex_not_work_age_tot_f,205.0
480291406002,sex_not_work_age_tot_f,231.0
480291406001,sex_not_work_age_tot_f,395.0
480291407003,sex_not_work_age_tot_f,72.0
480291407001,sex_not_work_age_tot_f,224.0
480291407004,sex_not_work_age_tot_f,154.0
480291407005,sex_not_work_age_tot_f,154.0
480291413001,sex_not_work_age_tot_f,193.0
480291413003,sex_not_work_age_tot_f,572.0
480291702003,sex_not_work_age_tot_f,296.0
480291806023,sex_not_work_age_tot_f,164.0
480291806021,sex_not_work_age_tot_f,54.0
480291911021,sex_not_work_age_tot_f,286.0
480291911022,sex_not_work_age_tot_f,309.0
480291911023,sex_not_work_age_tot_f,183.0
480291209012,sex_not_work_age_tot_f,310.0
480291209011,sex_not_work_age_tot_f,123.0
480291211122,sex_not_work_age_tot_f,203.0
480291519001,sex_not_work_age_tot_f,269.0
480291409002,sex_not_work_age_tot_f,197.0
480291417001,sex_not_work_age_tot_f,684.0
480291417002,sex_not_work_age_tot_f,523.0
480291505012,sex_not_work_age_tot_f,345.0
480291505014,sex_not_work_age_tot_f,198.0
480291604002,sex_not_work_age_tot_f,342.0
480291604004,sex_not_work_age_tot_f,180.0
480291604001,sex_not_work_age_tot_f,195.0
480291604003,sex_not_work_age_tot_f,294.0
480291611005,sex_not_work_age_tot_f,183.0
480291611006,sex_not_work_age_tot_f,79.0
480291611001,sex_not_work_age_tot_f,687.0
480291611004,sex_not_work_age_tot_f,248.0
480291611003,sex_not_work_age_tot_f,222.0
480291611002,sex_not_work_age_tot_f,196.0
480291813012,sex_not_work_age_tot_f,250.0
480291813011,sex_not_work_age_tot_f,331.0
480291814021,sex_not_work_age_tot_f,212.0
480291814022,sex_not_work_age_tot_f,144.0
480291109001,sex_not_work_age_tot_f,77.0
480291110003,sex_not_work_age_tot_f,103.0
480291110002,sex_not_work_age_tot_f,159.0
480291204001,sex_not_work_age_tot_f,163.0
480291204005,sex_not_work_age_tot_f,348.0
480291710004,sex_not_work_age_tot_f,330.0
480291204003,sex_not_work_age_tot_f,226.0
480291207021,sex_not_work_age_tot_f,658.0
480291704014,sex_not_work_age_tot_f,154.0
480291710001,sex_not_work_age_tot_f,250.0
480291710002,sex_not_work_age_tot_f,164.0
480291717001,sex_not_work_age_tot_f,566.0
480291717003,sex_not_work_age_tot_f,185.0
480291215013,sex_not_work_age_tot_f,504.0
480291215011,sex_not_work_age_tot_f,388.0
480291215074,sex_not_work_age_tot_f,211.0
480291215071,sex_not_work_age_tot_f,240.0
480291215072,sex_not_work_age_tot_f,354.0
480291312002,sex_not_work_age_tot_f,233.0
480291401002,sex_not_work_age_tot_f,185.0
480291401001,sex_not_work_age_tot_f,111.0
480291404004,sex_not_work_age_tot_f,242.0
480291101002,sex_not_work_age_tot_f,141.0
480291209022,sex_not_work_age_tot_f,514.0
480291209021,sex_not_work_age_tot_f,248.0
480291214033,sex_not_work_age_tot_f,272.0
480291214031,sex_not_work_age_tot_f,647.0
480291216042,sex_not_work_age_tot_f,227.0
480291216043,sex_not_work_age_tot_f,111.0
480291306004,sex_not_work_age_tot_f,260.0
480291207022,sex_not_work_age_tot_f,293.0
480291213003,sex_not_work_age_tot_f,216.0
480291213001,sex_not_work_age_tot_f,637.0
480291703004,sex_not_work_age_tot_f,133.0
480291703002,sex_not_work_age_tot_f,55.0
480291703006,sex_not_work_age_tot_f,153.0
480291703005,sex_not_work_age_tot_f,245.0
480291703003,sex_not_work_age_tot_f,251.0
480291704024,sex_not_work_age_tot_f,129.0
480291704021,sex_not_work_age_tot_f,500.0
480291706001,sex_not_work_age_tot_f,300.0
480291706004,sex_not_work_age_tot_f,100.0
480291706003,sex_not_work_age_tot_f,135.0
480291707003,sex_not_work_age_tot_f,639.0
480291707002,sex_not_work_age_tot_f,231.0
480291212044,sex_not_work_age_tot_f,355.0
480291212043,sex_not_work_age_tot_f,234.0
480291404001,sex_not_work_age_tot_f,167.0
480291404002,sex_not_work_age_tot_f,185.0
480291504003,sex_not_work_age_tot_f,734.0
480291215052,sex_not_work_age_tot_f,146.0
480291403002,sex_not_work_age_tot_f,276.0
480291403003,sex_not_work_age_tot_f,228.0
480291520001,sex_not_work_age_tot_f,573.0
480291701011,sex_not_work_age_tot_f,212.0
480291701012,sex_not_work_age_tot_f,279.0
480291718022,sex_not_work_age_tot_f,172.0
480291718025,sex_not_work_age_tot_f,138.0
480291718023,sex_not_work_age_tot_f,408.0
480291408004,sex_not_work_age_tot_f,218.0
480291408001,sex_not_work_age_tot_f,144.0
480291408005,sex_not_work_age_tot_f,234.0
480291408003,sex_not_work_age_tot_f,101.0
480291408002,sex_not_work_age_tot_f,238.0
480291505023,sex_not_work_age_tot_f,184.0
480291505022,sex_not_work_age_tot_f,210.0
480291505021,sex_not_work_age_tot_f,153.0
480291507006,sex_not_work_age_tot_f,70.0
480291507001,sex_not_work_age_tot_f,181.0
480291507003,sex_not_work_age_tot_f,148.0
480291601004,sex_not_work_age_tot_f,513.0
480291601003,sex_not_work_age_tot_f,370.0
480291601001,sex_not_work_age_tot_f,261.0
480291813023,sex_not_work_age_tot_f,402.0
480291809021,sex_not_work_age_tot_f,299.0
480291809023,sex_not_work_age_tot_f,404.0
480291809022,sex_not_work_age_tot_f,212.0
480291809025,sex_not_work_age_tot_f,342.0
480291810031,sex_not_work_age_tot_f,312.0
480291810051,sex_not_work_age_tot_f,280.0
480291810052,sex_not_work_age_tot_f,56.0
480291815061,sex_not_work_age_tot_f,123.0
480291815062,sex_not_work_age_tot_f,328.0
480291817151,sex_not_work_age_tot_f,185.0
480291203002,sex_not_work_age_tot_f,130.0
480291203003,sex_not_work_age_tot_f,245.0
480291203005,sex_not_work_age_tot_f,190.0
480291205013,sex_not_work_age_tot_f,252.0
480291205015,sex_not_work_age_tot_f,343.0
480291205012,sex_not_work_age_tot_f,299.0
480291205014,sex_not_work_age_tot_f,266.0
480291211152,sex_not_work_age_tot_f,677.0
480291211153,sex_not_work_age_tot_f,264.0
480291211172,sex_not_work_age_tot_f,205.0
480291211171,sex_not_work_age_tot_f,254.0
480291720021,sex_not_work_age_tot_f,1296.0
480291817031,sex_not_work_age_tot_f,485.0
480291817032,sex_not_work_age_tot_f,672.0
480291803003,sex_not_work_age_tot_f,302.0
480291803001,sex_not_work_age_tot_f,214.0
480291803002,sex_not_work_age_tot_f,192.0
480291817161,sex_not_work_age_tot_f,412.0
480291910034,sex_not_work_age_tot_f,188.0
480291910035,sex_not_work_age_tot_f,208.0
480291910033,sex_not_work_age_tot_f,276.0
480291910031,sex_not_work_age_tot_f,423.0
480291910032,sex_not_work_age_tot_f,677.0
480291214041,sex_not_work_age_tot_f,327.0
480291214042,sex_not_work_age_tot_f,380.0
480291214043,sex_not_work_age_tot_f,371.0
480291313001,sex_not_work_age_tot_f,325.0
480291313004,sex_not_work_age_tot_f,287.0
480291316061,sex_not_work_age_tot_f,484.0
480291103003,sex_not_work_age_tot_f,81.0
480291103002,sex_not_work_age_tot_f,151.0
480291201001,sex_not_work_age_tot_f,945.0
480291206002,sex_not_work_age_tot_f,170.0
480291206003,sex_not_work_age_tot_f,84.0
480291206006,sex_not_work_age_tot_f,142.0
480291206005,sex_not_work_age_tot_f,118.0
480291517003,sex_not_work_age_tot_f,325.0
480291517002,sex_not_work_age_tot_f,352.0
480291517001,sex_not_work_age_tot_f,506.0
480291607013,sex_not_work_age_tot_f,144.0
480291306001,sex_not_work_age_tot_f,145.0
480291306003,sex_not_work_age_tot_f,110.0
480291306002,sex_not_work_age_tot_f,210.0
480291402003,sex_not_work_age_tot_f,135.0
480291402002,sex_not_work_age_tot_f,152.0
480291402001,sex_not_work_age_tot_f,78.0
480291402004,sex_not_work_age_tot_f,114.0
480291309001,sex_not_work_age_tot_f,598.0
480291717004,sex_not_work_age_tot_f,624.0
480291719035,sex_not_work_age_tot_f,314.0
480291717006,sex_not_work_age_tot_f,376.0
480291719032,sex_not_work_age_tot_f,160.0
480291719034,sex_not_work_age_tot_f,397.0
480291509002,sex_not_work_age_tot_f,233.0
480291509001,sex_not_work_age_tot_f,313.0
480291509005,sex_not_work_age_tot_f,312.0
480291705003,sex_not_work_age_tot_f,356.0
480291705004,sex_not_work_age_tot_f,183.0
480291705002,sex_not_work_age_tot_f,102.0
480291805042,sex_not_work_age_tot_f,742.0
480291205025,sex_not_work_age_tot_f,166.0
480291205023,sex_not_work_age_tot_f,59.0
480291205026,sex_not_work_age_tot_f,183.0
480291205024,sex_not_work_age_tot_f,102.0
480291207012,sex_not_work_age_tot_f,296.0
480291207011,sex_not_work_age_tot_f,319.0
480291302002,sex_not_work_age_tot_f,140.0
480291410003,sex_not_work_age_tot_f,411.0
480291410002,sex_not_work_age_tot_f,135.0
480291516001,sex_not_work_age_tot_f,353.0
480291516004,sex_not_work_age_tot_f,321.0
480291516002,sex_not_work_age_tot_f,183.0
480291817051,sex_not_work_age_tot_f,521.0
480291817052,sex_not_work_age_tot_f,348.0
480291512002,sex_not_work_age_tot_f,724.0
480291606001,sex_not_work_age_tot_f,234.0
480291606003,sex_not_work_age_tot_f,785.0
480291419003,sex_not_work_age_tot_f,333.0
480291419002,sex_not_work_age_tot_f,362.0
480291515003,sex_not_work_age_tot_f,126.0
480291515002,sex_not_work_age_tot_f,167.0
480291603003,sex_not_work_age_tot_f,172.0
480291603002,sex_not_work_age_tot_f,248.0
480291603005,sex_not_work_age_tot_f,302.0
480291612001,sex_not_work_age_tot_f,131.0
480291612002,sex_not_work_age_tot_f,465.0
480291804003,sex_not_work_age_tot_f,168.0
480291804001,sex_not_work_age_tot_f,365.0
480291807012,sex_not_work_age_tot_f,340.0
480291811004,sex_not_work_age_tot_f,128.0
480291811002,sex_not_work_age_tot_f,179.0
480291811003,sex_not_work_age_tot_f,858.0
480291909015,sex_not_work_age_tot_f,164.0
480291909013,sex_not_work_age_tot_f,56.0
480291809014,sex_not_work_age_tot_f,132.0
480291813031,sex_not_work_age_tot_f,341.0
480291815041,sex_not_work_age_tot_f,583.0
480291815042,sex_not_work_age_tot_f,317.0
480291816012,sex_not_work_age_tot_f,486.0
480291906011,sex_not_work_age_tot_f,229.0
480291818091,sex_not_work_age_tot_f,173.0
480291818092,sex_not_work_age_tot_f,542.0
480291818094,sex_not_work_age_tot_f,369.0
480291906013,sex_not_work_age_tot_f,128.0
480291910041,sex_not_work_age_tot_f,360.0
480291910043,sex_not_work_age_tot_f,142.0
480291813022,sex_not_work_age_tot_f,312.0
480291212063,sex_not_work_age_tot_f,186.0
480291212061,sex_not_work_age_tot_f,166.0
480291212065,sex_not_work_age_tot_f,400.0
480291212062,sex_not_work_age_tot_f,291.0
480291214022,sex_not_work_age_tot_f,184.0
480291214021,sex_not_work_age_tot_f,1279.0
480291218031,sex_not_work_age_tot_f,320.0
480291218032,sex_not_work_age_tot_f,138.0
480291218033,sex_not_work_age_tot_f,465.0
480291218041,sex_not_work_age_tot_f,328.0
480291218042,sex_not_work_age_tot_f,680.0
480291218043,sex_not_work_age_tot_f,409.0
480291308001,sex_not_work_age_tot_f,519.0
480291308004,sex_not_work_age_tot_f,352.0
480291308002,sex_not_work_age_tot_f,145.0
480291308003,sex_not_work_age_tot_f,78.0
480291311003,sex_not_work_age_tot_f,136.0
480291311002,sex_not_work_age_tot_f,159.0
480291602002,sex_not_work_age_tot_f,293.0
480291817134,sex_not_work_age_tot_f,296.0
480291817132,sex_not_work_age_tot_f,407.0
480291817133,sex_not_work_age_tot_f,376.0
480291815054,sex_not_work_age_tot_f,298.0
480291815053,sex_not_work_age_tot_f,154.0
480291815051,sex_not_work_age_tot_f,228.0
480291817042,sex_not_work_age_tot_f,354.0
480291817044,sex_not_work_age_tot_f,191.0
480291817111,sex_not_work_age_tot_f,892.0
480291907002,sex_not_work_age_tot_f,57.0
480291907003,sex_not_work_age_tot_f,314.0
480291607011,sex_not_work_age_tot_f,385.0
480291607012,sex_not_work_age_tot_f,358.0
480291718011,sex_not_work_age_tot_f,259.0
480291718013,sex_not_work_age_tot_f,249.0
480291718014,sex_not_work_age_tot_f,163.0
480291718012,sex_not_work_age_tot_f,367.0
480291802013,sex_not_work_age_tot_f,287.0
480291802012,sex_not_work_age_tot_f,174.0
480291802014,sex_not_work_age_tot_f,202.0
480291802011,sex_not_work_age_tot_f,183.0
480291812001,sex_not_work_age_tot_f,197.0
480291812004,sex_not_work_age_tot_f,230.0
480291812002,sex_not_work_age_tot_f,127.0
480291812005,sex_not_work_age_tot_f,293.0
480291514004,sex_not_work_age_tot_f,144.0
480291511003,sex_not_work_age_tot_f,188.0
480291511001,sex_not_work_age_tot_f,157.0
480291514001,sex_not_work_age_tot_f,109.0
480291514002,sex_not_work_age_tot_f,266.0
480291905012,sex_not_work_age_tot_f,210.0
480291905013,sex_not_work_age_tot_f,347.0
480291905011,sex_not_work_age_tot_f,144.0
480291908001,sex_not_work_age_tot_f,185.0
480291908002,sex_not_work_age_tot_f,287.0
480291909011,sex_not_work_age_tot_f,395.0
480291909012,sex_not_work_age_tot_f,584.0
480291909021,sex_not_work_age_tot_f,256.0
480291909023,sex_not_work_age_tot_f,130.0
480291810012,sex_not_work_age_tot_f,333.0
480291810042,sex_not_work_age_tot_f,206.0
480291810041,sex_not_work_age_tot_f,434.0
480291901004,sex_not_work_age_tot_f,173.0
480291901003,sex_not_work_age_tot_f,167.0
480291901002,sex_not_work_age_tot_f,125.0
480291719021,sex_not_work_age_tot_f,202.0
480291311001,sex_not_work_age_tot_f,204.0
480291203008,sex_not_work_age_tot_f,127.0
480291203007,sex_not_work_age_tot_f,165.0
480291501001,sex_not_work_age_tot_f,135.0
480291501004,sex_not_work_age_tot_f,234.0
480291506004,sex_not_work_age_tot_f,277.0
480291506003,sex_not_work_age_tot_f,155.0
480291511007,sex_not_work_age_tot_f,236.0
480291511005,sex_not_work_age_tot_f,366.0
480291511004,sex_not_work_age_tot_f,281.0
480291918042,sex_not_work_age_tot_f,497.0
480291918041,sex_not_work_age_tot_f,328.0
480291210004,sex_not_work_age_tot_f,256.0
480291210003,sex_not_work_age_tot_f,706.0
480291210005,sex_not_work_age_tot_f,328.0
480291210006,sex_not_work_age_tot_f,289.0
480291211102,sex_not_work_age_tot_f,267.0
480291215062,sex_not_work_age_tot_f,151.0
480291215061,sex_not_work_age_tot_f,308.0
480291305001,sex_not_work_age_tot_f,119.0
480291305003,sex_not_work_age_tot_f,504.0
480291305002,sex_not_work_age_tot_f,130.0
480291305004,sex_not_work_age_tot_f,217.0
480291904003,sex_not_work_age_tot_f,193.0
480291211081,sex_not_work_age_tot_f,288.0
480291211083,sex_not_work_age_tot_f,214.0
480291211084,sex_not_work_age_tot_f,165.0
480291207015,sex_not_work_age_tot_f,204.0
480291215042,sex_not_work_age_tot_f,116.0
480291215041,sex_not_work_age_tot_f,232.0
480291503001,sex_not_work_age_tot_f,292.0
480291503004,sex_not_work_age_tot_f,212.0
480291503003,sex_not_work_age_tot_f,147.0
480291602003,sex_not_work_age_tot_f,187.0
480291508002,sex_not_work_age_tot_f,63.0
480291508003,sex_not_work_age_tot_f,107.0
480291712003,sex_not_work_age_tot_f,471.0
480291418001,sex_not_work_age_tot_f,230.0
480291418002,sex_not_work_age_tot_f,116.0
480291512005,sex_not_work_age_tot_f,616.0
480291512003,sex_not_work_age_tot_f,335.0
480291512001,sex_not_work_age_tot_f,126.0
480291107001,sex_not_work_age_tot_f,254.0
480291904001,sex_not_work_age_tot_f,54.0
480291719121,sex_not_work_age_tot_f,1017.0
480291817122,sex_not_work_age_tot_f,432.0
480291816023,sex_not_work_age_tot_f,318.0
480291816021,sex_not_work_age_tot_f,180.0
480291818081,sex_not_work_age_tot_f,423.0
480291821021,sex_not_work_age_tot_f,268.0
480291911011,sex_not_work_age_tot_f,141.0
480291911012,sex_not_work_age_tot_f,172.0
480291219082,sex_not_work_age_tot_f,410.0
480291219091,sex_not_work_age_tot_f,414.0
480291219092,sex_not_work_age_tot_f,984.0
480291219101,sex_not_work_age_tot_f,1278.0
480291219102,sex_not_work_age_tot_f,186.0
480291304011,sex_not_work_age_tot_f,123.0
480291304012,sex_not_work_age_tot_f,214.0
480291304013,sex_not_work_age_tot_f,230.0
480291304014,sex_not_work_age_tot_f,144.0
480291304021,sex_not_work_age_tot_f,367.0
480291304022,sex_not_work_age_tot_f,513.0
480291304023,sex_not_work_age_tot_f,251.0
480291314011,sex_not_work_age_tot_f,1364.0
480291314012,sex_not_work_age_tot_f,758.0
480291314021,sex_not_work_age_tot_f,128.0
480291719182,sex_not_work_age_tot_f,48.0
480291719184,sex_not_work_age_tot_f,342.0
480291719191,sex_not_work_age_tot_f,1009.0
480291719202,sex_not_work_age_tot_f,998.0
480291719211,sex_not_work_age_tot_f,513.0
480291719213,sex_not_work_age_tot_f,189.0
480291719221,sex_not_work_age_tot_f,817.0
480291719232,sex_not_work_age_tot_f,250.0
480291719233,sex_not_work_age_tot_f,335.0
480291719241,sex_not_work_age_tot_f,478.0
480291720022,sex_not_work_age_tot_f,1026.0
480291719242,sex_not_work_age_tot_f,429.0
480291719252,sex_not_work_age_tot_f,345.0
480291719254,sex_not_work_age_tot_f,563.0
480291720031,sex_not_work_age_tot_f,685.0
480291720032,sex_not_work_age_tot_f,541.0
480291720051,sex_not_work_age_tot_f,1165.0
480291720052,sex_not_work_age_tot_f,1412.0
480291720062,sex_not_work_age_tot_f,555.0
480291720063,sex_not_work_age_tot_f,230.0
480291720072,sex_not_work_age_tot_f,529.0
480291720073,sex_not_work_age_tot_f,653.0
480291801012,sex_not_work_age_tot_f,172.0
480291315031,sex_not_work_age_tot_f,177.0
480291315032,sex_not_work_age_tot_f,243.0
480291315041,sex_not_work_age_tot_f,487.0
480291315042,sex_not_work_age_tot_f,238.0
480291315051,sex_not_work_age_tot_f,407.0
480291315052,sex_not_work_age_tot_f,483.0
480291315062,sex_not_work_age_tot_f,554.0
480291316081,sex_not_work_age_tot_f,689.0
480291315071,sex_not_work_age_tot_f,550.0
480291315073,sex_not_work_age_tot_f,523.0
480291316012,sex_not_work_age_tot_f,780.0
480291316082,sex_not_work_age_tot_f,629.0
480291316092,sex_not_work_age_tot_f,401.0
480291316093,sex_not_work_age_tot_f,786.0
480291316102,sex_not_work_age_tot_f,469.0
480291316111,sex_not_work_age_tot_f,223.0
480291316131,sex_not_work_age_tot_f,337.0
480291316132,sex_not_work_age_tot_f,519.0
480291316142,sex_not_work_age_tot_f,84.0
480291316151,sex_not_work_age_tot_f,423.0
480291316153,sex_not_work_age_tot_f,386.0
480291316154,sex_not_work_age_tot_f,330.0
480291318012,sex_not_work_age_tot_f,105.0
480291318021,sex_not_work_age_tot_f,350.0
480291318023,sex_not_work_age_tot_f,418.0
480291411011,sex_not_work_age_tot_f,311.0
480291411013,sex_not_work_age_tot_f,373.0
480291411021,sex_not_work_age_tot_f,288.0
480291411023,sex_not_work_age_tot_f,303.0
480291414022,sex_not_work_age_tot_f,246.0
480291414032,sex_not_work_age_tot_f,418.0
480291414041,sex_not_work_age_tot_f,525.0
480291414043,sex_not_work_age_tot_f,253.0
480291416002,sex_not_work_age_tot_f,350.0
480291513011,sex_not_work_age_tot_f,121.0
480291513012,sex_not_work_age_tot_f,332.0
480291513013,sex_not_work_age_tot_f,248.0
480291513014,sex_not_work_age_tot_f,531.0
480291513021,sex_not_work_age_tot_f,484.0
480291513022,sex_not_work_age_tot_f,329.0
480291521003,sex_not_work_age_tot_f,163.0
480291521004,sex_not_work_age_tot_f,159.0
480291522011,sex_not_work_age_tot_f,612.0
480291522012,sex_not_work_age_tot_f,696.0
480291522013,sex_not_work_age_tot_f,258.0
480291522021,sex_not_work_age_tot_f,685.0
480291605011,sex_not_work_age_tot_f,611.0
480291605012,sex_not_work_age_tot_f,233.0
480291605021,sex_not_work_age_tot_f,125.0
480291609013,sex_not_work_age_tot_f,211.0
480291605022,sex_not_work_age_tot_f,294.0
480291605024,sex_not_work_age_tot_f,362.0
480291609011,sex_not_work_age_tot_f,192.0
480291609021,sex_not_work_age_tot_f,396.0
480291609023,sex_not_work_age_tot_f,287.0
480291613022,sex_not_work_age_tot_f,445.0
480291613032,sex_not_work_age_tot_f,431.0
480291613041,sex_not_work_age_tot_f,413.0
480291614001,sex_not_work_age_tot_f,550.0
480291615031,sex_not_work_age_tot_f,354.0
480291615033,sex_not_work_age_tot_f,251.0
480291615041,sex_not_work_age_tot_f,361.0
480291618011,sex_not_work_age_tot_f,510.0
480291618012,sex_not_work_age_tot_f,209.0
480291618022,sex_not_work_age_tot_f,1095.0
480291619011,sex_not_work_age_tot_f,215.0
480291619022,sex_not_work_age_tot_f,859.0
480291619023,sex_not_work_age_tot_f,463.0
480291620032,sex_not_work_age_tot_f,342.0
480291620033,sex_not_work_age_tot_f,355.0
480291620042,sex_not_work_age_tot_f,415.0
480291713011,sex_not_work_age_tot_f,176.0
480291713021,sex_not_work_age_tot_f,162.0
480291713022,sex_not_work_age_tot_f,254.0
480291716011,sex_not_work_age_tot_f,358.0
480291716013,sex_not_work_age_tot_f,310.0
480291716021,sex_not_work_age_tot_f,727.0
480291719022,sex_not_work_age_tot_f,755.0
480291719023,sex_not_work_age_tot_f,1670.0
480291719131,sex_not_work_age_tot_f,873.0
480291719132,sex_not_work_age_tot_f,254.0
480291719142,sex_not_work_age_tot_f,373.0
480291719143,sex_not_work_age_tot_f,283.0
480291719161,sex_not_work_age_tot_f,759.0
480291719162,sex_not_work_age_tot_f,555.0
480291719171,sex_not_work_age_tot_f,632.0
480291719172,sex_not_work_age_tot_f,1100.0
480291215053,sex_not_work_age_tot_f,341.0
480291216051,sex_not_work_age_tot_f,378.0
480291216052,sex_not_work_age_tot_f,159.0
480291216062,sex_not_work_age_tot_f,325.0
480291216063,sex_not_work_age_tot_f,229.0
480291217011,sex_not_work_age_tot_f,377.0
480291217012,sex_not_work_age_tot_f,222.0
480291217014,sex_not_work_age_tot_f,298.0
480291217021,sex_not_work_age_tot_f,640.0
480291217023,sex_not_work_age_tot_f,579.0
480291218081,sex_not_work_age_tot_f,159.0
480291218091,sex_not_work_age_tot_f,157.0
480291218092,sex_not_work_age_tot_f,480.0
480291218101,sex_not_work_age_tot_f,819.0
480291218102,sex_not_work_age_tot_f,324.0
480291218112,sex_not_work_age_tot_f,237.0
480291218121,sex_not_work_age_tot_f,820.0
480291219032,sex_not_work_age_tot_f,724.0
480291218123,sex_not_work_age_tot_f,87.0
480291218124,sex_not_work_age_tot_f,211.0
480291219031,sex_not_work_age_tot_f,468.0
480291219042,sex_not_work_age_tot_f,418.0
480291219051,sex_not_work_age_tot_f,392.0
480291219061,sex_not_work_age_tot_f,400.0
480291219062,sex_not_work_age_tot_f,385.0
480291219072,sex_not_work_age_tot_f,2501.0
480291219081,sex_not_work_age_tot_f,337.0
480291209024,sex_not_work_age_tot_f,250.0
480291211103,sex_not_work_age_tot_f,242.0
480291211183,sex_not_work_age_tot_f,334.0
480291211192,sex_not_work_age_tot_f,612.0
480291211193,sex_not_work_age_tot_f,337.0
480291211202,sex_not_work_age_tot_f,314.0
480291211211,sex_not_work_age_tot_f,372.0
480291211212,sex_not_work_age_tot_f,155.0
480291211221,sex_not_work_age_tot_f,330.0
480291211222,sex_not_work_age_tot_f,300.0
480291211223,sex_not_work_age_tot_f,477.0
480291215014,sex_not_work_age_tot_f,427.0
480291713023,sex_not_work_age_tot_f,205.0
480291713024,sex_not_work_age_tot_f,235.0
480291714012,sex_not_work_age_tot_f,506.0
480291714021,sex_not_work_age_tot_f,743.0
480291714023,sex_not_work_age_tot_f,478.0
480291715011,sex_not_work_age_tot_f,101.0
480291715021,sex_not_work_age_tot_f,305.0
480291715022,sex_not_work_age_tot_f,193.0
480291715024,sex_not_work_age_tot_f,271.0
480291914121,sex_not_work_age_tot_f,509.0
480291914131,sex_not_work_age_tot_f,748.0
480291914132,sex_not_work_age_tot_f,721.0
480291915031,sex_not_work_age_tot_f,685.0
480291915032,sex_not_work_age_tot_f,219.0
480291915033,sex_not_work_age_tot_f,362.0
480291915041,sex_not_work_age_tot_f,286.0
480291915042,sex_not_work_age_tot_f,240.0
480291915051,sex_not_work_age_tot_f,252.0
480291915052,sex_not_work_age_tot_f,412.0
480291915061,sex_not_work_age_tot_f,483.0
480291915062,sex_not_work_age_tot_f,599.0
480291915063,sex_not_work_age_tot_f,274.0
480291917012,sex_not_work_age_tot_f,189.0
480291917021,sex_not_work_age_tot_f,790.0
480291917023,sex_not_work_age_tot_f,157.0
480291917024,sex_not_work_age_tot_f,316.0
480291918061,sex_not_work_age_tot_f,229.0
480291918062,sex_not_work_age_tot_f,372.0
480291918071,sex_not_work_age_tot_f,807.0
480291918072,sex_not_work_age_tot_f,354.0
480291918082,sex_not_work_age_tot_f,187.0
480291918091,sex_not_work_age_tot_f,1157.0
480291918101,sex_not_work_age_tot_f,576.0
480291918102,sex_not_work_age_tot_f,439.0
480291918121,sex_not_work_age_tot_f,595.0
480291918122,sex_not_work_age_tot_f,259.0
480291918132,sex_not_work_age_tot_f,395.0
480291821062,sex_not_work_age_tot_f,784.0
480291905031,sex_not_work_age_tot_f,180.0
480291905033,sex_not_work_age_tot_f,399.0
480291905041,sex_not_work_age_tot_f,221.0
480291906031,sex_not_work_age_tot_f,213.0
480291906032,sex_not_work_age_tot_f,268.0
480291906042,sex_not_work_age_tot_f,216.0
480291906043,sex_not_work_age_tot_f,254.0
480291910052,sex_not_work_age_tot_f,211.0
480291910061,sex_not_work_age_tot_f,187.0
480291910063,sex_not_work_age_tot_f,405.0
480291801014,sex_not_work_age_tot_f,45.0
480291801015,sex_not_work_age_tot_f,106.0
480291801021,sex_not_work_age_tot_f,211.0
480291806044,sex_not_work_age_tot_f,114.0
480291801022,sex_not_work_age_tot_f,174.0
480291806041,sex_not_work_age_tot_f,407.0
480291806042,sex_not_work_age_tot_f,482.0
480291806045,sex_not_work_age_tot_f,234.0
480291810033,sex_not_work_age_tot_f,518.0
480291813032,sex_not_work_age_tot_f,409.0
480291814032,sex_not_work_age_tot_f,183.0
480291814033,sex_not_work_age_tot_f,408.0
480291814042,sex_not_work_age_tot_f,287.0
480291815032,sex_not_work_age_tot_f,918.0
480291817112,sex_not_work_age_tot_f,224.0
480291817113,sex_not_work_age_tot_f,912.0
480291817153,sex_not_work_age_tot_f,297.0
480291817162,sex_not_work_age_tot_f,360.0
480291817163,sex_not_work_age_tot_f,426.0
480291817164,sex_not_work_age_tot_f,139.0
480291817183,sex_not_work_age_tot_f,373.0
480291817201,sex_not_work_age_tot_f,826.0
480291817202,sex_not_work_age_tot_f,135.0
480291817211,sex_not_work_age_tot_f,425.0
480291817212,sex_not_work_age_tot_f,297.0
480291817231,sex_not_work_age_tot_f,417.0
480291817221,sex_not_work_age_tot_f,359.0
480291817222,sex_not_work_age_tot_f,146.0
480291817223,sex_not_work_age_tot_f,413.0
480291817232,sex_not_work_age_tot_f,136.0
480291817233,sex_not_work_age_tot_f,427.0
480291817241,sex_not_work_age_tot_f,704.0
480291817242,sex_not_work_age_tot_f,437.0
480291817251,sex_not_work_age_tot_f,681.0
480291817261,sex_not_work_age_tot_f,538.0
480291817262,sex_not_work_age_tot_f,828.0
480291817271,sex_not_work_age_tot_f,578.0
480291817272,sex_not_work_age_tot_f,134.0
480291817282,sex_not_work_age_tot_f,1349.0
480291817291,sex_not_work_age_tot_f,2407.0
480291817302,sex_not_work_age_tot_f,660.0
480291817311,sex_not_work_age_tot_f,153.0
480291817313,sex_not_work_age_tot_f,368.0
480291817314,sex_not_work_age_tot_f,311.0
480291818131,sex_not_work_age_tot_f,259.0
480291818133,sex_not_work_age_tot_f,642.0
480291818141,sex_not_work_age_tot_f,471.0
480291818151,sex_not_work_age_tot_f,344.0
480291818152,sex_not_work_age_tot_f,306.0
480291818162,sex_not_work_age_tot_f,604.0
480291818171,sex_not_work_age_tot_f,356.0
480291818181,sex_not_work_age_tot_f,373.0
480291818182,sex_not_work_age_tot_f,407.0
480291818191,sex_not_work_age_tot_f,114.0
480291818192,sex_not_work_age_tot_f,898.0
480291818202,sex_not_work_age_tot_f,126.0
480291818211,sex_not_work_age_tot_f,177.0
480291818221,sex_not_work_age_tot_f,260.0
480291818222,sex_not_work_age_tot_f,472.0
480291818231,sex_not_work_age_tot_f,218.0
480291818241,sex_not_work_age_tot_f,267.0
480291912012,sex_not_work_age_tot_f,344.0
480291910064,sex_not_work_age_tot_f,278.0
480291912011,sex_not_work_age_tot_f,218.0
480291912021,sex_not_work_age_tot_f,265.0
480291912022,sex_not_work_age_tot_f,170.0
480291912023,sex_not_work_age_tot_f,207.0
480291912024,sex_not_work_age_tot_f,357.0
480291913031,sex_not_work_age_tot_f,250.0
480291913041,sex_not_work_age_tot_f,240.0
480291913042,sex_not_work_age_tot_f,295.0
480291914062,sex_not_work_age_tot_f,587.0
480291914063,sex_not_work_age_tot_f,440.0
480291914082,sex_not_work_age_tot_f,84.0
480291914101,sex_not_work_age_tot_f,88.0
480291914102,sex_not_work_age_tot_f,220.0
480291914103,sex_not_work_age_tot_f,135.0
480291914111,sex_not_work_age_tot_f,298.0
480291914112,sex_not_work_age_tot_f,361.0
480291818242,sex_not_work_age_tot_f,144.0
480291818251,sex_not_work_age_tot_f,276.0
480291818252,sex_not_work_age_tot_f,391.0
480291818261,sex_not_work_age_tot_f,266.0
480291818262,sex_not_work_age_tot_f,538.0
480291818263,sex_not_work_age_tot_f,310.0
480291818264,sex_not_work_age_tot_f,208.0
480291819011,sex_not_work_age_tot_f,127.0
480291819012,sex_not_work_age_tot_f,238.0
480291819021,sex_not_work_age_tot_f,1178.0
480291819022,sex_not_work_age_tot_f,553.0
480291820011,sex_not_work_age_tot_f,465.0
480291820012,sex_not_work_age_tot_f,612.0
480291820021,sex_not_work_age_tot_f,1094.0
480291820023,sex_not_work_age_tot_f,480.0
480291820032,sex_not_work_age_tot_f,130.0
480291821012,sex_not_work_age_tot_f,591.0
480291821022,sex_not_work_age_tot_f,431.0
480291821023,sex_not_work_age_tot_f,971.0
480291821061,sex_not_work_age_tot_f,602.0
480291918142,sex_not_work_age_tot_f,538.0
480291918151,sex_not_work_age_tot_f,685.0
480291918161,sex_not_work_age_tot_f,514.0
480291918162,sex_not_work_age_tot_f,219.0
480291918172,sex_not_work_age_tot_f,746.0
480291919001,sex_not_work_age_tot_f,236.0
480291919003,sex_not_work_age_tot_f,156.0
480291919004,sex_not_work_age_tot_f,202.0
480291920001,sex_not_work_age_tot_f,394.0
480291920002,sex_not_work_age_tot_f,91.0
480291920004,sex_not_work_age_tot_f,105.0
480291920005,sex_not_work_age_tot_f,0.0
480291921002,sex_not_work_age_tot_f,264.0
480291922001,sex_not_work_age_tot_f,148.0
480291923001,sex_not_work_age_tot_f,312.0
480291923002,sex_not_work_age_tot_f,394.0
480291923003,sex_not_work_age_tot_f,144.0
480291923004,sex_not_work_age_tot_f,161.0
480299800011,sex_not_work_age_tot_f,0.0
480299800021,sex_not_work_age_tot_f,0.0
480299800031,sex_not_work_age_tot_f,117.0
480299800041,sex_not_work_age_tot_f,0.0
480299800051,sex_not_work_age_tot_f,0.0
480299801001,sex_not_work_age_tot_f,61.0
480291805033,sex_not_work_age_tot_f,521.0
480291704011,sex_not_work_age_tot_f,323.0
480291914081,sex_not_work_age_tot_f,303.0
480291914091,sex_not_work_age_tot_f,619.0
480291412006,sex_not_work_age_tot_f,284.0
480291412003,sex_not_work_age_tot_f,343.0
480291501002,sex_not_work_age_tot_f,328.0
480291407002,sex_not_work_age_tot_f,242.0
480291413002,sex_not_work_age_tot_f,695.0
480291414021,sex_not_work_age_tot_f,598.0
480291806022,sex_not_work_age_tot_f,764.0
480291101003,sex_not_work_age_tot_f,181.0
480291211121,sex_not_work_age_tot_f,534.0
480291519002,sex_not_work_age_tot_f,969.0
480291409001,sex_not_work_age_tot_f,204.0
480291505011,sex_not_work_age_tot_f,211.0
480291505013,sex_not_work_age_tot_f,250.0
480291110001,sex_not_work_age_tot_f,205.0
480291204002,sex_not_work_age_tot_f,193.0
480291204006,sex_not_work_age_tot_f,381.0
480291204004,sex_not_work_age_tot_f,225.0
480291710005,sex_not_work_age_tot_f,150.0
480291710003,sex_not_work_age_tot_f,429.0
480291717005,sex_not_work_age_tot_f,226.0
480291213004,sex_not_work_age_tot_f,308.0
480291215012,sex_not_work_age_tot_f,555.0
480291215073,sex_not_work_age_tot_f,89.0
480291312001,sex_not_work_age_tot_f,412.0
480291404003,sex_not_work_age_tot_f,296.0
480291101001,sex_not_work_age_tot_f,86.0
480291209023,sex_not_work_age_tot_f,286.0
480291214032,sex_not_work_age_tot_f,282.0
480291216041,sex_not_work_age_tot_f,698.0
480291216044,sex_not_work_age_tot_f,415.0
480291207023,sex_not_work_age_tot_f,280.0
480291213002,sex_not_work_age_tot_f,290.0
480291703001,sex_not_work_age_tot_f,255.0
480291704022,sex_not_work_age_tot_f,224.0
480291704023,sex_not_work_age_tot_f,153.0
480291706002,sex_not_work_age_tot_f,311.0
480291707001,sex_not_work_age_tot_f,293.0
480291212041,sex_not_work_age_tot_f,350.0
480291212045,sex_not_work_age_tot_f,194.0
480291416001,sex_not_work_age_tot_f,395.0
480291215051,sex_not_work_age_tot_f,523.0
480291403001,sex_not_work_age_tot_f,208.0
480291701013,sex_not_work_age_tot_f,300.0
480291718021,sex_not_work_age_tot_f,135.0
480291718024,sex_not_work_age_tot_f,342.0
480291507005,sex_not_work_age_tot_f,291.0
480291507002,sex_not_work_age_tot_f,502.0
480291507004,sex_not_work_age_tot_f,267.0
480291601002,sex_not_work_age_tot_f,372.0
480291813021,sex_not_work_age_tot_f,150.0
480291815063,sex_not_work_age_tot_f,633.0
480291809024,sex_not_work_age_tot_f,337.0
480291810032,sex_not_work_age_tot_f,312.0
480291810053,sex_not_work_age_tot_f,150.0
480291817152,sex_not_work_age_tot_f,194.0
480291203001,sex_not_work_age_tot_f,192.0
480291205011,sex_not_work_age_tot_f,35.0
480291205016,sex_not_work_age_tot_f,281.0
480291205017,sex_not_work_age_tot_f,243.0
480291211151,sex_not_work_age_tot_f,248.0
480291211173,sex_not_work_age_tot_f,323.0
480291815031,sex_not_work_age_tot_f,477.0
480291215082,sex_not_work_age_tot_f,456.0
480291914054,sex_not_work_age_tot_f,248.0
480291709002,sex_not_work_age_tot_f,615.0
480291615012,sex_not_work_age_tot_f,205.0
480291615014,sex_not_work_age_tot_f,315.0
480291701023,sex_not_work_age_tot_f,141.0
480291711002,sex_not_work_age_tot_f,354.0
480291807024,sex_not_work_age_tot_f,256.0
480291807021,sex_not_work_age_tot_f,429.0
480291809013,sex_not_work_age_tot_f,165.0
480291108003,sex_not_work_age_tot_f,103.0
480291211163,sex_not_work_age_tot_f,214.0
480291212034,sex_not_work_age_tot_f,250.0
480291212033,sex_not_work_age_tot_f,117.0
480291817181,sex_not_work_age_tot_f,417.0
480291902005,sex_not_work_age_tot_f,145.0
480291902002,sex_not_work_age_tot_f,127.0
480291802024,sex_not_work_age_tot_f,294.0
480291802022,sex_not_work_age_tot_f,510.0
480291805014,sex_not_work_age_tot_f,250.0
480291808003,sex_not_work_age_tot_f,94.0
480291708001,sex_not_work_age_tot_f,138.0
480291106001,sex_not_work_age_tot_f,141.0
480291510002,sex_not_work_age_tot_f,229.0
480291510003,sex_not_work_age_tot_f,203.0
480291607021,sex_not_work_age_tot_f,150.0
480291607022,sex_not_work_age_tot_f,495.0
480291215083,sex_not_work_age_tot_f,211.0
480291216011,sex_not_work_age_tot_f,277.0
480291218022,sex_not_work_age_tot_f,465.0
480291303004,sex_not_work_age_tot_f,283.0
480291303003,sex_not_work_age_tot_f,73.0
480291909014,sex_not_work_age_tot_f,154.0
480291809011,sex_not_work_age_tot_f,160.0
480291815043,sex_not_work_age_tot_f,62.0
480291816011,sex_not_work_age_tot_f,239.0
480291818093,sex_not_work_age_tot_f,285.0
480291821011,sex_not_work_age_tot_f,812.0
480291906012,sex_not_work_age_tot_f,446.0
480291910042,sex_not_work_age_tot_f,446.0
480291212052,sex_not_work_age_tot_f,244.0
480291212064,sex_not_work_age_tot_f,184.0
480291212066,sex_not_work_age_tot_f,544.0
480291602001,sex_not_work_age_tot_f,188.0
480291817131,sex_not_work_age_tot_f,379.0
480291815052,sex_not_work_age_tot_f,281.0
480291817041,sex_not_work_age_tot_f,433.0
480291817043,sex_not_work_age_tot_f,423.0
480291907001,sex_not_work_age_tot_f,128.0
480291812003,sex_not_work_age_tot_f,170.0
480291511006,sex_not_work_age_tot_f,11.0
480291514003,sex_not_work_age_tot_f,353.0
480291909022,sex_not_work_age_tot_f,181.0
480291810011,sex_not_work_age_tot_f,451.0
480291821031,sex_not_work_age_tot_f,764.0
480291901001,sex_not_work_age_tot_f,184.0
480291817033,sex_not_work_age_tot_f,318.0
480291803004,sex_not_work_age_tot_f,287.0
480291313003,sex_not_work_age_tot_f,670.0
480291313002,sex_not_work_age_tot_f,235.0
480291103001,sex_not_work_age_tot_f,281.0
480291206007,sex_not_work_age_tot_f,61.0
480291206004,sex_not_work_age_tot_f,212.0
480291206001,sex_not_work_age_tot_f,61.0
480291517005,sex_not_work_age_tot_f,242.0
480291517004,sex_not_work_age_tot_f,117.0
480291719031,sex_not_work_age_tot_f,346.0
480291717002,sex_not_work_age_tot_f,162.0
480291719033,sex_not_work_age_tot_f,325.0
480291509004,sex_not_work_age_tot_f,147.0
480291509003,sex_not_work_age_tot_f,401.0
480291705001,sex_not_work_age_tot_f,470.0
480291805041,sex_not_work_age_tot_f,303.0
480291205022,sex_not_work_age_tot_f,153.0
480291205021,sex_not_work_age_tot_f,339.0
480291207014,sex_not_work_age_tot_f,304.0
480291302001,sex_not_work_age_tot_f,231.0
480291410001,sex_not_work_age_tot_f,116.0
480291516005,sex_not_work_age_tot_f,230.0
480291516003,sex_not_work_age_tot_f,514.0
480291817053,sex_not_work_age_tot_f,412.0
480291606002,sex_not_work_age_tot_f,267.0
480291419001,sex_not_work_age_tot_f,325.0
480291515001,sex_not_work_age_tot_f,154.0
480291603001,sex_not_work_age_tot_f,96.0
480291603004,sex_not_work_age_tot_f,211.0
480291613021,sex_not_work_age_tot_f,728.0
480291804002,sex_not_work_age_tot_f,539.0
480291807011,sex_not_work_age_tot_f,299.0
480291811001,sex_not_work_age_tot_f,480.0
480291211082,sex_not_work_age_tot_f,328.0
480291203004,sex_not_work_age_tot_f,347.0
480291203006,sex_not_work_age_tot_f,246.0
480291506002,sex_not_work_age_tot_f,145.0
480291506001,sex_not_work_age_tot_f,347.0
480291511002,sex_not_work_age_tot_f,239.0
480291105001,sex_not_work_age_tot_f,746.0
480291210002,sex_not_work_age_tot_f,41.0
480291210001,sex_not_work_age_tot_f,175.0
480291211101,sex_not_work_age_tot_f,281.0
480291215063,sex_not_work_age_tot_f,261.0
480291315033,sex_not_work_age_tot_f,327.0
480291315043,sex_not_work_age_tot_f,556.0
480291315061,sex_not_work_age_tot_f,184.0
480291315072,sex_not_work_age_tot_f,279.0
480291316062,sex_not_work_age_tot_f,742.0
480291316091,sex_not_work_age_tot_f,612.0
480291316101,sex_not_work_age_tot_f,455.0
480291316121,sex_not_work_age_tot_f,364.0
480291316141,sex_not_work_age_tot_f,843.0
480291316152,sex_not_work_age_tot_f,211.0
480291318011,sex_not_work_age_tot_f,270.0
480291318022,sex_not_work_age_tot_f,143.0
480291411012,sex_not_work_age_tot_f,414.0
480291522022,sex_not_work_age_tot_f,360.0
480291411022,sex_not_work_age_tot_f,39.0
480291414031,sex_not_work_age_tot_f,424.0
480291414042,sex_not_work_age_tot_f,369.0
480291605013,sex_not_work_age_tot_f,216.0
480291605023,sex_not_work_age_tot_f,196.0
480291609012,sex_not_work_age_tot_f,143.0
480291609022,sex_not_work_age_tot_f,464.0
480291613031,sex_not_work_age_tot_f,364.0
480291613042,sex_not_work_age_tot_f,608.0
480291615032,sex_not_work_age_tot_f,326.0
480291615042,sex_not_work_age_tot_f,515.0
480291618021,sex_not_work_age_tot_f,1205.0
480291619021,sex_not_work_age_tot_f,273.0
480291620031,sex_not_work_age_tot_f,328.0
480291620041,sex_not_work_age_tot_f,240.0
480291713012,sex_not_work_age_tot_f,385.0
480291716012,sex_not_work_age_tot_f,184.0
480291716022,sex_not_work_age_tot_f,173.0
480291719122,sex_not_work_age_tot_f,475.0
480291719141,sex_not_work_age_tot_f,366.0
480291719151,sex_not_work_age_tot_f,603.0
480291719163,sex_not_work_age_tot_f,821.0
480291719181,sex_not_work_age_tot_f,236.0
480291215044,sex_not_work_age_tot_f,792.0
480291215064,sex_not_work_age_tot_f,246.0
480291216061,sex_not_work_age_tot_f,159.0
480291216064,sex_not_work_age_tot_f,207.0
480291217013,sex_not_work_age_tot_f,177.0
480291217022,sex_not_work_age_tot_f,201.0
480291218082,sex_not_work_age_tot_f,614.0
480291218093,sex_not_work_age_tot_f,258.0
480291218111,sex_not_work_age_tot_f,711.0
480291218122,sex_not_work_age_tot_f,347.0
480291218131,sex_not_work_age_tot_f,306.0
480291219041,sex_not_work_age_tot_f,210.0
480291219052,sex_not_work_age_tot_f,806.0
480291219071,sex_not_work_age_tot_f,296.0
480291211085,sex_not_work_age_tot_f,337.0
480291211191,sex_not_work_age_tot_f,56.0
480291211201,sex_not_work_age_tot_f,679.0
480291207013,sex_not_work_age_tot_f,299.0
480291215043,sex_not_work_age_tot_f,243.0
480291503002,sex_not_work_age_tot_f,370.0
480291418003,sex_not_work_age_tot_f,433.0
480291508001,sex_not_work_age_tot_f,370.0
480291712001,sex_not_work_age_tot_f,262.0
480291712002,sex_not_work_age_tot_f,371.0
480291512004,sex_not_work_age_tot_f,219.0
480291904002,sex_not_work_age_tot_f,169.0
480291817121,sex_not_work_age_tot_f,540.0
480291816024,sex_not_work_age_tot_f,488.0
480291816022,sex_not_work_age_tot_f,293.0
480291314022,sex_not_work_age_tot_f,414.0
480291719183,sex_not_work_age_tot_f,449.0
480291719201,sex_not_work_age_tot_f,569.0
480291719212,sex_not_work_age_tot_f,170.0
480291719231,sex_not_work_age_tot_f,219.0
480291719234,sex_not_work_age_tot_f,735.0
480291719251,sex_not_work_age_tot_f,205.0
480291719253,sex_not_work_age_tot_f,457.0
480291720023,sex_not_work_age_tot_f,1076.0
480291720041,sex_not_work_age_tot_f,966.0
480291720061,sex_not_work_age_tot_f,1039.0
480291720071,sex_not_work_age_tot_f,1176.0
480291801011,sex_not_work_age_tot_f,242.0
480291714011,sex_not_work_age_tot_f,248.0
480291714022,sex_not_work_age_tot_f,339.0
480291715012,sex_not_work_age_tot_f,201.0
480291715023,sex_not_work_age_tot_f,368.0
480291917011,sex_not_work_age_tot_f,194.0
480291917022,sex_not_work_age_tot_f,287.0
480291918043,sex_not_work_age_tot_f,508.0
480291918111,sex_not_work_age_tot_f,995.0
480291918063,sex_not_work_age_tot_f,1388.0
480291918081,sex_not_work_age_tot_f,656.0
480291918092,sex_not_work_age_tot_f,522.0
480291918131,sex_not_work_age_tot_f,1031.0
480291817252,sex_not_work_age_tot_f,545.0
480291817263,sex_not_work_age_tot_f,1014.0
480291817281,sex_not_work_age_tot_f,1630.0
480291817301,sex_not_work_age_tot_f,97.0
480291817312,sex_not_work_age_tot_f,475.0
480291818112,sex_not_work_age_tot_f,194.0
480291818132,sex_not_work_age_tot_f,228.0
480291818142,sex_not_work_age_tot_f,363.0
480291818161,sex_not_work_age_tot_f,193.0
480291818172,sex_not_work_age_tot_f,493.0
480291818183,sex_not_work_age_tot_f,229.0
480291818201,sex_not_work_age_tot_f,26.0
480291818212,sex_not_work_age_tot_f,451.0
480291818223,sex_not_work_age_tot_f,261.0
480291905032,sex_not_work_age_tot_f,142.0
480291905042,sex_not_work_age_tot_f,291.0
480291906041,sex_not_work_age_tot_f,389.0
480291910051,sex_not_work_age_tot_f,236.0
480291910062,sex_not_work_age_tot_f,164.0
480291801013,sex_not_work_age_tot_f,148.0
480291801016,sex_not_work_age_tot_f,159.0
480291806031,sex_not_work_age_tot_f,489.0
480291806043,sex_not_work_age_tot_f,243.0
480291807026,sex_not_work_age_tot_f,156.0
480291814031,sex_not_work_age_tot_f,397.0
480291814041,sex_not_work_age_tot_f,530.0
480291815044,sex_not_work_age_tot_f,66.0
480291817154,sex_not_work_age_tot_f,601.0
480291820022,sex_not_work_age_tot_f,198.0
480291820031,sex_not_work_age_tot_f,808.0
480291821013,sex_not_work_age_tot_f,404.0
480291821051,sex_not_work_age_tot_f,537.0
480291910065,sex_not_work_age_tot_f,301.0
480291912013,sex_not_work_age_tot_f,45.0
480291918141,sex_not_work_age_tot_f,500.0
480291918152,sex_not_work_age_tot_f,375.0
480291918171,sex_not_work_age_tot_f,1778.0
480291919002,sex_not_work_age_tot_f,213.0
480291919005,sex_not_work_age_tot_f,207.0
480291920003,sex_not_work_age_tot_f,81.0
480291921001,sex_not_work_age_tot_f,176.0
480291922002,sex_not_work_age_tot_f,169.0
