block_group,household_self_emp,count_household_self_emp
480291805031,house_self_emp_yes,0.0
480291805032,house_self_emp_yes,16.0
480291704013,house_self_emp_yes,12.0
480291704012,house_self_emp_yes,16.0
480291914061,house_self_emp_yes,180.0
480291914092,house_self_emp_yes,159.0
480291212042,house_self_emp_yes,80.0
480291215081,house_self_emp_yes,55.0
480291914051,house_self_emp_yes,89.0
480291914052,house_self_emp_yes,138.0
480291914053,house_self_emp_yes,105.0
480291914055,house_self_emp_yes,33.0
480291709001,house_self_emp_yes,58.0
480291709003,house_self_emp_yes,26.0
480291610002,house_self_emp_yes,51.0
480291610001,house_self_emp_yes,21.0
480291615015,house_self_emp_yes,99.0
480291615011,house_self_emp_yes,13.0
480291615013,house_self_emp_yes,0.0
480291711001,house_self_emp_yes,68.0
480291620011,house_self_emp_yes,71.0
480291701022,house_self_emp_yes,0.0
480291701021,house_self_emp_yes,70.0
480291807022,house_self_emp_yes,75.0
480291807023,house_self_emp_yes,29.0
480291807025,house_self_emp_yes,56.0
480291809012,house_self_emp_yes,28.0
480291809015,house_self_emp_yes,18.0
480291106003,house_self_emp_yes,0.0
480291108002,house_self_emp_yes,10.0
480291108001,house_self_emp_yes,31.0
480291208004,house_self_emp_yes,0.0
480291208006,house_self_emp_yes,159.0
480291208001,house_self_emp_yes,61.0
480291208002,house_self_emp_yes,66.0
480291208005,house_self_emp_yes,36.0
480291208007,house_self_emp_yes,120.0
480291208003,house_self_emp_yes,92.0
480291211113,house_self_emp_yes,83.0
480291211111,house_self_emp_yes,107.0
480291211112,house_self_emp_yes,162.0
480291211114,house_self_emp_yes,6.0
480291211161,house_self_emp_yes,67.0
480291211164,house_self_emp_yes,70.0
480291211162,house_self_emp_yes,27.0
480291211181,house_self_emp_yes,147.0
480291211182,house_self_emp_yes,67.0
480291212031,house_self_emp_yes,10.0
480291212032,house_self_emp_yes,52.0
480291212051,house_self_emp_yes,21.0
480291817182,house_self_emp_yes,69.0
480291818111,house_self_emp_yes,118.0
480291902003,house_self_emp_yes,103.0
480291902004,house_self_emp_yes,53.0
480291902001,house_self_emp_yes,103.0
480291802021,house_self_emp_yes,0.0
480291802023,house_self_emp_yes,0.0
480291805013,house_self_emp_yes,27.0
480291805012,house_self_emp_yes,13.0
480291805011,house_self_emp_yes,75.0
480291808002,house_self_emp_yes,60.0
480291808001,house_self_emp_yes,16.0
480291708002,house_self_emp_yes,5.0
480291106002,house_self_emp_yes,48.0
480291504001,house_self_emp_yes,34.0
480291504002,house_self_emp_yes,19.0
480291510001,house_self_emp_yes,89.0
480291521002,house_self_emp_yes,67.0
480291521001,house_self_emp_yes,6.0
480291607024,house_self_emp_yes,20.0
480291607023,house_self_emp_yes,62.0
480291616002,house_self_emp_yes,28.0
480291616001,house_self_emp_yes,53.0
480291216012,house_self_emp_yes,30.0
480291216013,house_self_emp_yes,16.0
480291216014,house_self_emp_yes,33.0
480291218021,house_self_emp_yes,42.0
480291218023,house_self_emp_yes,145.0
480291303002,house_self_emp_yes,0.0
480291303001,house_self_emp_yes,56.0
480291307002,house_self_emp_yes,42.0
480291307001,house_self_emp_yes,61.0
480291702004,house_self_emp_yes,13.0
480291702006,house_self_emp_yes,29.0
480291702002,house_self_emp_yes,0.0
480291702005,house_self_emp_yes,0.0
480291702001,house_self_emp_yes,40.0
480291316011,house_self_emp_yes,48.0
480291317001,house_self_emp_yes,14.0
480291412004,house_self_emp_yes,25.0
480291412001,house_self_emp_yes,32.0
480291412005,house_self_emp_yes,0.0
480291412002,house_self_emp_yes,54.0
480291501003,house_self_emp_yes,18.0
480291309002,house_self_emp_yes,16.0
480291309003,house_self_emp_yes,30.0
480291310003,house_self_emp_yes,34.0
480291310004,house_self_emp_yes,27.0
480291310001,house_self_emp_yes,70.0
480291310002,house_self_emp_yes,41.0
480291405003,house_self_emp_yes,39.0
480291405002,house_self_emp_yes,20.0
480291405001,house_self_emp_yes,56.0
480291405004,house_self_emp_yes,19.0
480291406002,house_self_emp_yes,21.0
480291406001,house_self_emp_yes,36.0
480291407003,house_self_emp_yes,11.0
480291407001,house_self_emp_yes,0.0
480291407004,house_self_emp_yes,0.0
480291407005,house_self_emp_yes,0.0
480291413001,house_self_emp_yes,23.0
480291413003,house_self_emp_yes,32.0
480291702003,house_self_emp_yes,7.0
480291806023,house_self_emp_yes,32.0
480291806021,house_self_emp_yes,22.0
480291911021,house_self_emp_yes,39.0
480291911022,house_self_emp_yes,14.0
480291911023,house_self_emp_yes,57.0
480291209012,house_self_emp_yes,94.0
480291209011,house_self_emp_yes,101.0
480291211122,house_self_emp_yes,111.0
480291519001,house_self_emp_yes,35.0
480291409002,house_self_emp_yes,9.0
480291417001,house_self_emp_yes,35.0
480291417002,house_self_emp_yes,63.0
480291505012,house_self_emp_yes,65.0
480291505014,house_self_emp_yes,113.0
480291604002,house_self_emp_yes,6.0
480291604004,house_self_emp_yes,18.0
480291604001,house_self_emp_yes,0.0
480291604003,house_self_emp_yes,22.0
480291611005,house_self_emp_yes,0.0
480291611006,house_self_emp_yes,0.0
480291611001,house_self_emp_yes,92.0
480291611004,house_self_emp_yes,56.0
480291611003,house_self_emp_yes,0.0
480291611002,house_self_emp_yes,0.0
480291813012,house_self_emp_yes,38.0
480291813011,house_self_emp_yes,147.0
480291814021,house_self_emp_yes,36.0
480291814022,house_self_emp_yes,25.0
480291109001,house_self_emp_yes,108.0
480291110003,house_self_emp_yes,35.0
480291110002,house_self_emp_yes,8.0
480291204001,house_self_emp_yes,128.0
480291204005,house_self_emp_yes,111.0
480291710004,house_self_emp_yes,15.0
480291204003,house_self_emp_yes,103.0
480291207021,house_self_emp_yes,210.0
480291704014,house_self_emp_yes,8.0
480291710001,house_self_emp_yes,31.0
480291710002,house_self_emp_yes,8.0
480291717001,house_self_emp_yes,30.0
480291717003,house_self_emp_yes,45.0
480291215013,house_self_emp_yes,52.0
480291215011,house_self_emp_yes,83.0
480291215074,house_self_emp_yes,55.0
480291215071,house_self_emp_yes,16.0
480291215072,house_self_emp_yes,33.0
480291312002,house_self_emp_yes,61.0
480291401002,house_self_emp_yes,13.0
480291401001,house_self_emp_yes,19.0
480291404004,house_self_emp_yes,44.0
480291101002,house_self_emp_yes,43.0
480291209022,house_self_emp_yes,78.0
480291209021,house_self_emp_yes,66.0
480291214033,house_self_emp_yes,7.0
480291214031,house_self_emp_yes,146.0
480291216042,house_self_emp_yes,50.0
480291216043,house_self_emp_yes,43.0
480291306004,house_self_emp_yes,28.0
480291207022,house_self_emp_yes,14.0
480291213003,house_self_emp_yes,14.0
480291213001,house_self_emp_yes,104.0
480291703004,house_self_emp_yes,26.0
480291703002,house_self_emp_yes,20.0
480291703006,house_self_emp_yes,23.0
480291703005,house_self_emp_yes,18.0
480291703003,house_self_emp_yes,7.0
480291704024,house_self_emp_yes,0.0
480291704021,house_self_emp_yes,38.0
480291706001,house_self_emp_yes,13.0
480291706004,house_self_emp_yes,14.0
480291706003,house_self_emp_yes,18.0
480291707003,house_self_emp_yes,128.0
480291707002,house_self_emp_yes,38.0
480291212044,house_self_emp_yes,42.0
480291212043,house_self_emp_yes,43.0
480291404001,house_self_emp_yes,58.0
480291404002,house_self_emp_yes,42.0
480291504003,house_self_emp_yes,118.0
480291215052,house_self_emp_yes,35.0
480291403002,house_self_emp_yes,5.0
480291403003,house_self_emp_yes,29.0
480291520001,house_self_emp_yes,96.0
480291701011,house_self_emp_yes,20.0
480291701012,house_self_emp_yes,76.0
480291718022,house_self_emp_yes,41.0
480291718025,house_self_emp_yes,15.0
480291718023,house_self_emp_yes,0.0
480291408004,house_self_emp_yes,6.0
480291408001,house_self_emp_yes,52.0
480291408005,house_self_emp_yes,7.0
480291408003,house_self_emp_yes,12.0
480291408002,house_self_emp_yes,42.0
480291505023,house_self_emp_yes,0.0
480291505022,house_self_emp_yes,59.0
480291505021,house_self_emp_yes,23.0
480291507006,house_self_emp_yes,22.0
480291507001,house_self_emp_yes,87.0
480291507003,house_self_emp_yes,90.0
480291601004,house_self_emp_yes,66.0
480291601003,house_self_emp_yes,9.0
480291601001,house_self_emp_yes,7.0
480291813023,house_self_emp_yes,77.0
480291809021,house_self_emp_yes,32.0
480291809023,house_self_emp_yes,126.0
480291809022,house_self_emp_yes,34.0
480291809025,house_self_emp_yes,102.0
480291810031,house_self_emp_yes,90.0
480291810051,house_self_emp_yes,53.0
480291810052,house_self_emp_yes,14.0
480291815061,house_self_emp_yes,38.0
480291815062,house_self_emp_yes,37.0
480291817151,house_self_emp_yes,111.0
480291203002,house_self_emp_yes,25.0
480291203003,house_self_emp_yes,92.0
480291203005,house_self_emp_yes,76.0
480291205013,house_self_emp_yes,31.0
480291205015,house_self_emp_yes,49.0
480291205012,house_self_emp_yes,25.0
480291205014,house_self_emp_yes,44.0
480291211152,house_self_emp_yes,196.0
480291211153,house_self_emp_yes,91.0
480291211172,house_self_emp_yes,45.0
480291211171,house_self_emp_yes,73.0
480291720021,house_self_emp_yes,221.0
480291817031,house_self_emp_yes,68.0
480291817032,house_self_emp_yes,127.0
480291803003,house_self_emp_yes,69.0
480291803001,house_self_emp_yes,20.0
480291803002,house_self_emp_yes,25.0
480291817161,house_self_emp_yes,15.0
480291910034,house_self_emp_yes,59.0
480291910035,house_self_emp_yes,47.0
480291910033,house_self_emp_yes,12.0
480291910031,house_self_emp_yes,0.0
480291910032,house_self_emp_yes,217.0
480291214041,house_self_emp_yes,56.0
480291214042,house_self_emp_yes,27.0
480291214043,house_self_emp_yes,25.0
480291313001,house_self_emp_yes,22.0
480291313004,house_self_emp_yes,38.0
480291316061,house_self_emp_yes,108.0
480291103003,house_self_emp_yes,53.0
480291103002,house_self_emp_yes,38.0
480291201001,house_self_emp_yes,69.0
480291206002,house_self_emp_yes,48.0
480291206003,house_self_emp_yes,46.0
480291206006,house_self_emp_yes,43.0
480291206005,house_self_emp_yes,41.0
480291517003,house_self_emp_yes,0.0
480291517002,house_self_emp_yes,47.0
480291517001,house_self_emp_yes,82.0
480291607013,house_self_emp_yes,106.0
480291306001,house_self_emp_yes,41.0
480291306003,house_self_emp_yes,0.0
480291306002,house_self_emp_yes,25.0
480291402003,house_self_emp_yes,0.0
480291402002,house_self_emp_yes,39.0
480291402001,house_self_emp_yes,35.0
480291402004,house_self_emp_yes,28.0
480291309001,house_self_emp_yes,40.0
480291717004,house_self_emp_yes,0.0
480291719035,house_self_emp_yes,9.0
480291717006,house_self_emp_yes,64.0
480291719032,house_self_emp_yes,0.0
480291719034,house_self_emp_yes,8.0
480291509002,house_self_emp_yes,15.0
480291509001,house_self_emp_yes,26.0
480291509005,house_self_emp_yes,34.0
480291705003,house_self_emp_yes,0.0
480291705004,house_self_emp_yes,45.0
480291705002,house_self_emp_yes,17.0
480291805042,house_self_emp_yes,23.0
480291205025,house_self_emp_yes,10.0
480291205023,house_self_emp_yes,0.0
480291205026,house_self_emp_yes,15.0
480291205024,house_self_emp_yes,9.0
480291207012,house_self_emp_yes,23.0
480291207011,house_self_emp_yes,28.0
480291302002,house_self_emp_yes,23.0
480291410003,house_self_emp_yes,49.0
480291410002,house_self_emp_yes,21.0
480291516001,house_self_emp_yes,109.0
480291516004,house_self_emp_yes,83.0
480291516002,house_self_emp_yes,62.0
480291817051,house_self_emp_yes,36.0
480291817052,house_self_emp_yes,53.0
480291512002,house_self_emp_yes,14.0
480291606001,house_self_emp_yes,29.0
480291606003,house_self_emp_yes,60.0
480291419003,house_self_emp_yes,63.0
480291419002,house_self_emp_yes,74.0
480291515003,house_self_emp_yes,25.0
480291515002,house_self_emp_yes,23.0
480291603003,house_self_emp_yes,0.0
480291603002,house_self_emp_yes,10.0
480291603005,house_self_emp_yes,62.0
480291612001,house_self_emp_yes,28.0
480291612002,house_self_emp_yes,36.0
480291804003,house_self_emp_yes,31.0
480291804001,house_self_emp_yes,59.0
480291807012,house_self_emp_yes,113.0
480291811004,house_self_emp_yes,17.0
480291811002,house_self_emp_yes,74.0
480291811003,house_self_emp_yes,166.0
480291909015,house_self_emp_yes,109.0
480291909013,house_self_emp_yes,29.0
480291809014,house_self_emp_yes,23.0
480291813031,house_self_emp_yes,71.0
480291815041,house_self_emp_yes,18.0
480291815042,house_self_emp_yes,156.0
480291816012,house_self_emp_yes,86.0
480291906011,house_self_emp_yes,74.0
480291818091,house_self_emp_yes,77.0
480291818092,house_self_emp_yes,47.0
480291818094,house_self_emp_yes,134.0
480291906013,house_self_emp_yes,22.0
480291910041,house_self_emp_yes,24.0
480291910043,house_self_emp_yes,19.0
480291813022,house_self_emp_yes,50.0
480291212063,house_self_emp_yes,73.0
480291212061,house_self_emp_yes,20.0
480291212065,house_self_emp_yes,101.0
480291212062,house_self_emp_yes,69.0
480291214022,house_self_emp_yes,19.0
480291214021,house_self_emp_yes,236.0
480291218031,house_self_emp_yes,26.0
480291218032,house_self_emp_yes,18.0
480291218033,house_self_emp_yes,89.0
480291218041,house_self_emp_yes,134.0
480291218042,house_self_emp_yes,99.0
480291218043,house_self_emp_yes,84.0
480291308001,house_self_emp_yes,65.0
480291308004,house_self_emp_yes,0.0
480291308002,house_self_emp_yes,9.0
480291308003,house_self_emp_yes,14.0
480291311003,house_self_emp_yes,24.0
480291311002,house_self_emp_yes,8.0
480291602002,house_self_emp_yes,15.0
480291817134,house_self_emp_yes,95.0
480291817132,house_self_emp_yes,13.0
480291817133,house_self_emp_yes,138.0
480291815054,house_self_emp_yes,54.0
480291815053,house_self_emp_yes,34.0
480291815051,house_self_emp_yes,28.0
480291817042,house_self_emp_yes,18.0
480291817044,house_self_emp_yes,36.0
480291817111,house_self_emp_yes,171.0
480291907002,house_self_emp_yes,37.0
480291907003,house_self_emp_yes,66.0
480291607011,house_self_emp_yes,0.0
480291607012,house_self_emp_yes,55.0
480291718011,house_self_emp_yes,58.0
480291718013,house_self_emp_yes,79.0
480291718014,house_self_emp_yes,29.0
480291718012,house_self_emp_yes,12.0
480291802013,house_self_emp_yes,35.0
480291802012,house_self_emp_yes,30.0
480291802014,house_self_emp_yes,24.0
480291802011,house_self_emp_yes,10.0
480291812001,house_self_emp_yes,65.0
480291812004,house_self_emp_yes,65.0
480291812002,house_self_emp_yes,63.0
480291812005,house_self_emp_yes,91.0
480291514004,house_self_emp_yes,34.0
480291511003,house_self_emp_yes,0.0
480291511001,house_self_emp_yes,8.0
480291514001,house_self_emp_yes,83.0
480291514002,house_self_emp_yes,27.0
480291905012,house_self_emp_yes,127.0
480291905013,house_self_emp_yes,51.0
480291905011,house_self_emp_yes,9.0
480291908001,house_self_emp_yes,63.0
480291908002,house_self_emp_yes,85.0
480291909011,house_self_emp_yes,19.0
480291909012,house_self_emp_yes,16.0
480291909021,house_self_emp_yes,97.0
480291909023,house_self_emp_yes,57.0
480291810012,house_self_emp_yes,88.0
480291810042,house_self_emp_yes,60.0
480291810041,house_self_emp_yes,111.0
480291901004,house_self_emp_yes,0.0
480291901003,house_self_emp_yes,85.0
480291901002,house_self_emp_yes,18.0
480291719021,house_self_emp_yes,0.0
480291311001,house_self_emp_yes,14.0
480291203008,house_self_emp_yes,58.0
480291203007,house_self_emp_yes,31.0
480291501001,house_self_emp_yes,26.0
480291501004,house_self_emp_yes,87.0
480291506004,house_self_emp_yes,30.0
480291506003,house_self_emp_yes,0.0
480291511007,house_self_emp_yes,21.0
480291511005,house_self_emp_yes,0.0
480291511004,house_self_emp_yes,40.0
480291918042,house_self_emp_yes,123.0
480291918041,house_self_emp_yes,69.0
480291210004,house_self_emp_yes,33.0
480291210003,house_self_emp_yes,114.0
480291210005,house_self_emp_yes,33.0
480291210006,house_self_emp_yes,118.0
480291211102,house_self_emp_yes,128.0
480291215062,house_self_emp_yes,0.0
480291215061,house_self_emp_yes,36.0
480291305001,house_self_emp_yes,0.0
480291305003,house_self_emp_yes,102.0
480291305002,house_self_emp_yes,48.0
480291305004,house_self_emp_yes,22.0
480291904003,house_self_emp_yes,28.0
480291211081,house_self_emp_yes,67.0
480291211083,house_self_emp_yes,76.0
480291211084,house_self_emp_yes,0.0
480291207015,house_self_emp_yes,44.0
480291215042,house_self_emp_yes,24.0
480291215041,house_self_emp_yes,32.0
480291503001,house_self_emp_yes,12.0
480291503004,house_self_emp_yes,45.0
480291503003,house_self_emp_yes,75.0
480291602003,house_self_emp_yes,41.0
480291508002,house_self_emp_yes,44.0
480291508003,house_self_emp_yes,0.0
480291712003,house_self_emp_yes,32.0
480291418001,house_self_emp_yes,82.0
480291418002,house_self_emp_yes,6.0
480291512005,house_self_emp_yes,125.0
480291512003,house_self_emp_yes,0.0
480291512001,house_self_emp_yes,14.0
480291107001,house_self_emp_yes,13.0
480291904001,house_self_emp_yes,89.0
480291719121,house_self_emp_yes,131.0
480291817122,house_self_emp_yes,43.0
480291816023,house_self_emp_yes,21.0
480291816021,house_self_emp_yes,8.0
480291818081,house_self_emp_yes,65.0
480291821021,house_self_emp_yes,15.0
480291911011,house_self_emp_yes,93.0
480291911012,house_self_emp_yes,49.0
480291219082,house_self_emp_yes,107.0
480291219091,house_self_emp_yes,115.0
480291219092,house_self_emp_yes,147.0
480291219101,house_self_emp_yes,129.0
480291219102,house_self_emp_yes,30.0
480291304011,house_self_emp_yes,30.0
480291304012,house_self_emp_yes,36.0
480291304013,house_self_emp_yes,0.0
480291304014,house_self_emp_yes,25.0
480291304021,house_self_emp_yes,20.0
480291304022,house_self_emp_yes,8.0
480291304023,house_self_emp_yes,58.0
480291314011,house_self_emp_yes,120.0
480291314012,house_self_emp_yes,79.0
480291314021,house_self_emp_yes,27.0
480291719182,house_self_emp_yes,18.0
480291719184,house_self_emp_yes,30.0
480291719191,house_self_emp_yes,95.0
480291719202,house_self_emp_yes,71.0
480291719211,house_self_emp_yes,10.0
480291719213,house_self_emp_yes,15.0
480291719221,house_self_emp_yes,125.0
480291719232,house_self_emp_yes,13.0
480291719233,house_self_emp_yes,45.0
480291719241,house_self_emp_yes,170.0
480291720022,house_self_emp_yes,211.0
480291719242,house_self_emp_yes,60.0
480291719252,house_self_emp_yes,7.0
480291719254,house_self_emp_yes,5.0
480291720031,house_self_emp_yes,149.0
480291720032,house_self_emp_yes,71.0
480291720051,house_self_emp_yes,80.0
480291720052,house_self_emp_yes,95.0
480291720062,house_self_emp_yes,42.0
480291720063,house_self_emp_yes,121.0
480291720072,house_self_emp_yes,19.0
480291720073,house_self_emp_yes,130.0
480291801012,house_self_emp_yes,53.0
480291315031,house_self_emp_yes,16.0
480291315032,house_self_emp_yes,35.0
480291315041,house_self_emp_yes,5.0
480291315042,house_self_emp_yes,11.0
480291315051,house_self_emp_yes,72.0
480291315052,house_self_emp_yes,56.0
480291315062,house_self_emp_yes,28.0
480291316081,house_self_emp_yes,75.0
480291315071,house_self_emp_yes,43.0
480291315073,house_self_emp_yes,30.0
480291316012,house_self_emp_yes,85.0
480291316082,house_self_emp_yes,48.0
480291316092,house_self_emp_yes,39.0
480291316093,house_self_emp_yes,48.0
480291316102,house_self_emp_yes,64.0
480291316111,house_self_emp_yes,14.0
480291316131,house_self_emp_yes,12.0
480291316132,house_self_emp_yes,46.0
480291316142,house_self_emp_yes,18.0
480291316151,house_self_emp_yes,59.0
480291316153,house_self_emp_yes,55.0
480291316154,house_self_emp_yes,0.0
480291318012,house_self_emp_yes,26.0
480291318021,house_self_emp_yes,79.0
480291318023,house_self_emp_yes,101.0
480291411011,house_self_emp_yes,7.0
480291411013,house_self_emp_yes,9.0
480291411021,house_self_emp_yes,28.0
480291411023,house_self_emp_yes,47.0
480291414022,house_self_emp_yes,35.0
480291414032,house_self_emp_yes,82.0
480291414041,house_self_emp_yes,49.0
480291414043,house_self_emp_yes,8.0
480291416002,house_self_emp_yes,9.0
480291513011,house_self_emp_yes,45.0
480291513012,house_self_emp_yes,50.0
480291513013,house_self_emp_yes,20.0
480291513014,house_self_emp_yes,58.0
480291513021,house_self_emp_yes,49.0
480291513022,house_self_emp_yes,32.0
480291521003,house_self_emp_yes,23.0
480291521004,house_self_emp_yes,52.0
480291522011,house_self_emp_yes,188.0
480291522012,house_self_emp_yes,145.0
480291522013,house_self_emp_yes,33.0
480291522021,house_self_emp_yes,95.0
480291605011,house_self_emp_yes,0.0
480291605012,house_self_emp_yes,26.0
480291605021,house_self_emp_yes,33.0
480291609013,house_self_emp_yes,24.0
480291605022,house_self_emp_yes,30.0
480291605024,house_self_emp_yes,14.0
480291609011,house_self_emp_yes,28.0
480291609021,house_self_emp_yes,65.0
480291609023,house_self_emp_yes,21.0
480291613022,house_self_emp_yes,69.0
480291613032,house_self_emp_yes,72.0
480291613041,house_self_emp_yes,35.0
480291614001,house_self_emp_yes,49.0
480291615031,house_self_emp_yes,57.0
480291615033,house_self_emp_yes,8.0
480291615041,house_self_emp_yes,25.0
480291618011,house_self_emp_yes,89.0
480291618012,house_self_emp_yes,0.0
480291618022,house_self_emp_yes,85.0
480291619011,house_self_emp_yes,30.0
480291619022,house_self_emp_yes,103.0
480291619023,house_self_emp_yes,87.0
480291620032,house_self_emp_yes,48.0
480291620033,house_self_emp_yes,55.0
480291620042,house_self_emp_yes,77.0
480291713011,house_self_emp_yes,29.0
480291713021,house_self_emp_yes,19.0
480291713022,house_self_emp_yes,40.0
480291716011,house_self_emp_yes,47.0
480291716013,house_self_emp_yes,21.0
480291716021,house_self_emp_yes,103.0
480291719022,house_self_emp_yes,41.0
480291719023,house_self_emp_yes,68.0
480291719131,house_self_emp_yes,132.0
480291719132,house_self_emp_yes,45.0
480291719142,house_self_emp_yes,183.0
480291719143,house_self_emp_yes,35.0
480291719161,house_self_emp_yes,119.0
480291719162,house_self_emp_yes,28.0
480291719171,house_self_emp_yes,64.0
480291719172,house_self_emp_yes,74.0
480291215053,house_self_emp_yes,73.0
480291216051,house_self_emp_yes,42.0
480291216052,house_self_emp_yes,16.0
480291216062,house_self_emp_yes,139.0
480291216063,house_self_emp_yes,14.0
480291217011,house_self_emp_yes,12.0
480291217012,house_self_emp_yes,42.0
480291217014,house_self_emp_yes,81.0
480291217021,house_self_emp_yes,141.0
480291217023,house_self_emp_yes,91.0
480291218081,house_self_emp_yes,15.0
480291218091,house_self_emp_yes,7.0
480291218092,house_self_emp_yes,80.0
480291218101,house_self_emp_yes,161.0
480291218102,house_self_emp_yes,47.0
480291218112,house_self_emp_yes,27.0
480291218121,house_self_emp_yes,137.0
480291219032,house_self_emp_yes,151.0
480291218123,house_self_emp_yes,0.0
480291218124,house_self_emp_yes,28.0
480291219031,house_self_emp_yes,130.0
480291219042,house_self_emp_yes,68.0
480291219051,house_self_emp_yes,56.0
480291219061,house_self_emp_yes,123.0
480291219062,house_self_emp_yes,123.0
480291219072,house_self_emp_yes,422.0
480291219081,house_self_emp_yes,76.0
480291209024,house_self_emp_yes,87.0
480291211103,house_self_emp_yes,80.0
480291211183,house_self_emp_yes,148.0
480291211192,house_self_emp_yes,102.0
480291211193,house_self_emp_yes,56.0
480291211202,house_self_emp_yes,65.0
480291211211,house_self_emp_yes,45.0
480291211212,house_self_emp_yes,66.0
480291211221,house_self_emp_yes,45.0
480291211222,house_self_emp_yes,37.0
480291211223,house_self_emp_yes,108.0
480291215014,house_self_emp_yes,38.0
480291713023,house_self_emp_yes,60.0
480291713024,house_self_emp_yes,11.0
480291714012,house_self_emp_yes,19.0
480291714021,house_self_emp_yes,35.0
480291714023,house_self_emp_yes,61.0
480291715011,house_self_emp_yes,38.0
480291715021,house_self_emp_yes,14.0
480291715022,house_self_emp_yes,22.0
480291715024,house_self_emp_yes,43.0
480291914121,house_self_emp_yes,169.0
480291914131,house_self_emp_yes,157.0
480291914132,house_self_emp_yes,168.0
480291915031,house_self_emp_yes,197.0
480291915032,house_self_emp_yes,69.0
480291915033,house_self_emp_yes,27.0
480291915041,house_self_emp_yes,88.0
480291915042,house_self_emp_yes,135.0
480291915051,house_self_emp_yes,50.0
480291915052,house_self_emp_yes,114.0
480291915061,house_self_emp_yes,88.0
480291915062,house_self_emp_yes,152.0
480291915063,house_self_emp_yes,93.0
480291917012,house_self_emp_yes,50.0
480291917021,house_self_emp_yes,102.0
480291917023,house_self_emp_yes,66.0
480291917024,house_self_emp_yes,59.0
480291918061,house_self_emp_yes,16.0
480291918062,house_self_emp_yes,101.0
480291918071,house_self_emp_yes,132.0
480291918072,house_self_emp_yes,60.0
480291918082,house_self_emp_yes,40.0
480291918091,house_self_emp_yes,270.0
480291918101,house_self_emp_yes,189.0
480291918102,house_self_emp_yes,93.0
480291918121,house_self_emp_yes,69.0
480291918122,house_self_emp_yes,69.0
480291918132,house_self_emp_yes,64.0
480291821062,house_self_emp_yes,139.0
480291905031,house_self_emp_yes,90.0
480291905033,house_self_emp_yes,64.0
480291905041,house_self_emp_yes,57.0
480291906031,house_self_emp_yes,39.0
480291906032,house_self_emp_yes,93.0
480291906042,house_self_emp_yes,44.0
480291906043,house_self_emp_yes,42.0
480291910052,house_self_emp_yes,28.0
480291910061,house_self_emp_yes,51.0
480291910063,house_self_emp_yes,41.0
480291801014,house_self_emp_yes,0.0
480291801015,house_self_emp_yes,36.0
480291801021,house_self_emp_yes,37.0
480291806044,house_self_emp_yes,16.0
480291801022,house_self_emp_yes,65.0
480291806041,house_self_emp_yes,99.0
480291806042,house_self_emp_yes,0.0
480291806045,house_self_emp_yes,0.0
480291810033,house_self_emp_yes,14.0
480291813032,house_self_emp_yes,17.0
480291814032,house_self_emp_yes,172.0
480291814033,house_self_emp_yes,19.0
480291814042,house_self_emp_yes,72.0
480291815032,house_self_emp_yes,90.0
480291817112,house_self_emp_yes,83.0
480291817113,house_self_emp_yes,135.0
480291817153,house_self_emp_yes,45.0
480291817162,house_self_emp_yes,53.0
480291817163,house_self_emp_yes,125.0
480291817164,house_self_emp_yes,49.0
480291817183,house_self_emp_yes,20.0
480291817201,house_self_emp_yes,162.0
480291817202,house_self_emp_yes,16.0
480291817211,house_self_emp_yes,24.0
480291817212,house_self_emp_yes,86.0
480291817231,house_self_emp_yes,33.0
480291817221,house_self_emp_yes,83.0
480291817222,house_self_emp_yes,80.0
480291817223,house_self_emp_yes,77.0
480291817232,house_self_emp_yes,9.0
480291817233,house_self_emp_yes,49.0
480291817241,house_self_emp_yes,144.0
480291817242,house_self_emp_yes,58.0
480291817251,house_self_emp_yes,58.0
480291817261,house_self_emp_yes,27.0
480291817262,house_self_emp_yes,203.0
480291817271,house_self_emp_yes,77.0
480291817272,house_self_emp_yes,8.0
480291817282,house_self_emp_yes,126.0
480291817291,house_self_emp_yes,300.0
480291817302,house_self_emp_yes,125.0
480291817311,house_self_emp_yes,67.0
480291817313,house_self_emp_yes,74.0
480291817314,house_self_emp_yes,96.0
480291818131,house_self_emp_yes,118.0
480291818133,house_self_emp_yes,18.0
480291818141,house_self_emp_yes,88.0
480291818151,house_self_emp_yes,74.0
480291818152,house_self_emp_yes,12.0
480291818162,house_self_emp_yes,134.0
480291818171,house_self_emp_yes,61.0
480291818181,house_self_emp_yes,99.0
480291818182,house_self_emp_yes,32.0
480291818191,house_self_emp_yes,20.0
480291818192,house_self_emp_yes,204.0
480291818202,house_self_emp_yes,112.0
480291818211,house_self_emp_yes,53.0
480291818221,house_self_emp_yes,48.0
480291818222,house_self_emp_yes,33.0
480291818231,house_self_emp_yes,92.0
480291818241,house_self_emp_yes,82.0
480291912012,house_self_emp_yes,99.0
480291910064,house_self_emp_yes,70.0
480291912011,house_self_emp_yes,80.0
480291912021,house_self_emp_yes,212.0
480291912022,house_self_emp_yes,0.0
480291912023,house_self_emp_yes,14.0
480291912024,house_self_emp_yes,39.0
480291913031,house_self_emp_yes,83.0
480291913041,house_self_emp_yes,81.0
480291913042,house_self_emp_yes,26.0
480291914062,house_self_emp_yes,103.0
480291914063,house_self_emp_yes,197.0
480291914082,house_self_emp_yes,24.0
480291914101,house_self_emp_yes,60.0
480291914102,house_self_emp_yes,26.0
480291914103,house_self_emp_yes,77.0
480291914111,house_self_emp_yes,274.0
480291914112,house_self_emp_yes,106.0
480291818242,house_self_emp_yes,50.0
480291818251,house_self_emp_yes,37.0
480291818252,house_self_emp_yes,69.0
480291818261,house_self_emp_yes,54.0
480291818262,house_self_emp_yes,191.0
480291818263,house_self_emp_yes,15.0
480291818264,house_self_emp_yes,110.0
480291819011,house_self_emp_yes,46.0
480291819012,house_self_emp_yes,61.0
480291819021,house_self_emp_yes,421.0
480291819022,house_self_emp_yes,101.0
480291820011,house_self_emp_yes,56.0
480291820012,house_self_emp_yes,98.0
480291820021,house_self_emp_yes,187.0
480291820023,house_self_emp_yes,159.0
480291820032,house_self_emp_yes,97.0
480291821012,house_self_emp_yes,40.0
480291821022,house_self_emp_yes,82.0
480291821023,house_self_emp_yes,116.0
480291821061,house_self_emp_yes,143.0
480291918142,house_self_emp_yes,107.0
480291918151,house_self_emp_yes,159.0
480291918161,house_self_emp_yes,98.0
480291918162,house_self_emp_yes,51.0
480291918172,house_self_emp_yes,204.0
480291919001,house_self_emp_yes,53.0
480291919003,house_self_emp_yes,7.0
480291919004,house_self_emp_yes,54.0
480291920001,house_self_emp_yes,62.0
480291920002,house_self_emp_yes,48.0
480291920004,house_self_emp_yes,74.0
480291920005,house_self_emp_yes,28.0
480291921002,house_self_emp_yes,69.0
480291922001,house_self_emp_yes,34.0
480291923001,house_self_emp_yes,0.0
480291923002,house_self_emp_yes,73.0
480291923003,house_self_emp_yes,72.0
480291923004,house_self_emp_yes,69.0
480299800011,house_self_emp_yes,0.0
480299800021,house_self_emp_yes,0.0
480299800031,house_self_emp_yes,10.0
480299800041,house_self_emp_yes,0.0
480299800051,house_self_emp_yes,0.0
480299801001,house_self_emp_yes,2.0
480291805033,house_self_emp_yes,51.0
480291704011,house_self_emp_yes,46.0
480291914081,house_self_emp_yes,86.0
480291914091,house_self_emp_yes,99.0
480291412006,house_self_emp_yes,0.0
480291412003,house_self_emp_yes,19.0
480291501002,house_self_emp_yes,75.0
480291407002,house_self_emp_yes,26.0
480291413002,house_self_emp_yes,40.0
480291414021,house_self_emp_yes,89.0
480291806022,house_self_emp_yes,49.0
480291101003,house_self_emp_yes,76.0
480291211121,house_self_emp_yes,94.0
480291519002,house_self_emp_yes,193.0
480291409001,house_self_emp_yes,35.0
480291505011,house_self_emp_yes,8.0
480291505013,house_self_emp_yes,40.0
480291110001,house_self_emp_yes,40.0
480291204002,house_self_emp_yes,38.0
480291204006,house_self_emp_yes,72.0
480291204004,house_self_emp_yes,36.0
480291710005,house_self_emp_yes,24.0
480291710003,house_self_emp_yes,55.0
480291717005,house_self_emp_yes,0.0
480291213004,house_self_emp_yes,32.0
480291215012,house_self_emp_yes,53.0
480291215073,house_self_emp_yes,24.0
480291312001,house_self_emp_yes,23.0
480291404003,house_self_emp_yes,13.0
480291101001,house_self_emp_yes,32.0
480291209023,house_self_emp_yes,152.0
480291214032,house_self_emp_yes,19.0
480291216041,house_self_emp_yes,75.0
480291216044,house_self_emp_yes,53.0
480291207023,house_self_emp_yes,97.0
480291213002,house_self_emp_yes,65.0
480291703001,house_self_emp_yes,23.0
480291704022,house_self_emp_yes,69.0
480291704023,house_self_emp_yes,19.0
480291706002,house_self_emp_yes,77.0
480291707001,house_self_emp_yes,43.0
480291212041,house_self_emp_yes,52.0
480291212045,house_self_emp_yes,70.0
480291416001,house_self_emp_yes,85.0
480291215051,house_self_emp_yes,45.0
480291403001,house_self_emp_yes,39.0
480291701013,house_self_emp_yes,7.0
480291718021,house_self_emp_yes,31.0
480291718024,house_self_emp_yes,27.0
480291507005,house_self_emp_yes,51.0
480291507002,house_self_emp_yes,65.0
480291507004,house_self_emp_yes,0.0
480291601002,house_self_emp_yes,59.0
480291813021,house_self_emp_yes,69.0
480291815063,house_self_emp_yes,24.0
480291809024,house_self_emp_yes,65.0
480291810032,house_self_emp_yes,18.0
480291810053,house_self_emp_yes,67.0
480291817152,house_self_emp_yes,16.0
480291203001,house_self_emp_yes,72.0
480291205011,house_self_emp_yes,10.0
480291205016,house_self_emp_yes,147.0
480291205017,house_self_emp_yes,61.0
480291211151,house_self_emp_yes,48.0
480291211173,house_self_emp_yes,14.0
480291815031,house_self_emp_yes,127.0
480291215082,house_self_emp_yes,31.0
480291914054,house_self_emp_yes,87.0
480291709002,house_self_emp_yes,32.0
480291615012,house_self_emp_yes,18.0
480291615014,house_self_emp_yes,19.0
480291701023,house_self_emp_yes,47.0
480291711002,house_self_emp_yes,36.0
480291807024,house_self_emp_yes,51.0
480291807021,house_self_emp_yes,18.0
480291809013,house_self_emp_yes,65.0
480291108003,house_self_emp_yes,41.0
480291211163,house_self_emp_yes,74.0
480291212034,house_self_emp_yes,33.0
480291212033,house_self_emp_yes,78.0
480291817181,house_self_emp_yes,82.0
480291902005,house_self_emp_yes,72.0
480291902002,house_self_emp_yes,24.0
480291802024,house_self_emp_yes,0.0
480291802022,house_self_emp_yes,23.0
480291805014,house_self_emp_yes,9.0
480291808003,house_self_emp_yes,24.0
480291708001,house_self_emp_yes,13.0
480291106001,house_self_emp_yes,53.0
480291510002,house_self_emp_yes,46.0
480291510003,house_self_emp_yes,51.0
480291607021,house_self_emp_yes,24.0
480291607022,house_self_emp_yes,8.0
480291215083,house_self_emp_yes,48.0
480291216011,house_self_emp_yes,40.0
480291218022,house_self_emp_yes,80.0
480291303004,house_self_emp_yes,0.0
480291303003,house_self_emp_yes,10.0
480291909014,house_self_emp_yes,72.0
480291809011,house_self_emp_yes,72.0
480291815043,house_self_emp_yes,61.0
480291816011,house_self_emp_yes,52.0
480291818093,house_self_emp_yes,104.0
480291821011,house_self_emp_yes,219.0
480291906012,house_self_emp_yes,85.0
480291910042,house_self_emp_yes,101.0
480291212052,house_self_emp_yes,46.0
480291212064,house_self_emp_yes,98.0
480291212066,house_self_emp_yes,77.0
480291602001,house_self_emp_yes,7.0
480291817131,house_self_emp_yes,60.0
480291815052,house_self_emp_yes,59.0
480291817041,house_self_emp_yes,52.0
480291817043,house_self_emp_yes,111.0
480291907001,house_self_emp_yes,96.0
480291812003,house_self_emp_yes,13.0
480291511006,house_self_emp_yes,0.0
480291514003,house_self_emp_yes,7.0
480291909022,house_self_emp_yes,102.0
480291810011,house_self_emp_yes,32.0
480291821031,house_self_emp_yes,146.0
480291901001,house_self_emp_yes,32.0
480291817033,house_self_emp_yes,104.0
480291803004,house_self_emp_yes,16.0
480291313003,house_self_emp_yes,34.0
480291313002,house_self_emp_yes,37.0
480291103001,house_self_emp_yes,9.0
480291206007,house_self_emp_yes,19.0
480291206004,house_self_emp_yes,81.0
480291206001,house_self_emp_yes,13.0
480291517005,house_self_emp_yes,13.0
480291517004,house_self_emp_yes,51.0
480291719031,house_self_emp_yes,21.0
480291717002,house_self_emp_yes,55.0
480291719033,house_self_emp_yes,115.0
480291509004,house_self_emp_yes,31.0
480291509003,house_self_emp_yes,54.0
480291705001,house_self_emp_yes,63.0
480291805041,house_self_emp_yes,58.0
480291205022,house_self_emp_yes,47.0
480291205021,house_self_emp_yes,25.0
480291207014,house_self_emp_yes,70.0
480291302001,house_self_emp_yes,0.0
480291410001,house_self_emp_yes,50.0
480291516005,house_self_emp_yes,48.0
480291516003,house_self_emp_yes,27.0
480291817053,house_self_emp_yes,110.0
480291606002,house_self_emp_yes,9.0
480291419001,house_self_emp_yes,39.0
480291515001,house_self_emp_yes,9.0
480291603001,house_self_emp_yes,11.0
480291603004,house_self_emp_yes,10.0
480291613021,house_self_emp_yes,69.0
480291804002,house_self_emp_yes,44.0
480291807011,house_self_emp_yes,92.0
480291811001,house_self_emp_yes,108.0
480291211082,house_self_emp_yes,65.0
480291203004,house_self_emp_yes,152.0
480291203006,house_self_emp_yes,50.0
480291506002,house_self_emp_yes,13.0
480291506001,house_self_emp_yes,91.0
480291511002,house_self_emp_yes,18.0
480291105001,house_self_emp_yes,35.0
480291210002,house_self_emp_yes,23.0
480291210001,house_self_emp_yes,14.0
480291211101,house_self_emp_yes,56.0
480291215063,house_self_emp_yes,21.0
480291315033,house_self_emp_yes,8.0
480291315043,house_self_emp_yes,113.0
480291315061,house_self_emp_yes,12.0
480291315072,house_self_emp_yes,18.0
480291316062,house_self_emp_yes,85.0
480291316091,house_self_emp_yes,48.0
480291316101,house_self_emp_yes,71.0
480291316121,house_self_emp_yes,40.0
480291316141,house_self_emp_yes,36.0
480291316152,house_self_emp_yes,19.0
480291318011,house_self_emp_yes,88.0
480291318022,house_self_emp_yes,37.0
480291411012,house_self_emp_yes,25.0
480291522022,house_self_emp_yes,99.0
480291411022,house_self_emp_yes,9.0
480291414031,house_self_emp_yes,0.0
480291414042,house_self_emp_yes,68.0
480291605013,house_self_emp_yes,26.0
480291605023,house_self_emp_yes,37.0
480291609012,house_self_emp_yes,18.0
480291609022,house_self_emp_yes,38.0
480291613031,house_self_emp_yes,16.0
480291613042,house_self_emp_yes,108.0
480291615032,house_self_emp_yes,0.0
480291615042,house_self_emp_yes,72.0
480291618021,house_self_emp_yes,183.0
480291619021,house_self_emp_yes,43.0
480291620031,house_self_emp_yes,69.0
480291620041,house_self_emp_yes,152.0
480291713012,house_self_emp_yes,35.0
480291716012,house_self_emp_yes,0.0
480291716022,house_self_emp_yes,7.0
480291719122,house_self_emp_yes,100.0
480291719141,house_self_emp_yes,56.0
480291719151,house_self_emp_yes,66.0
480291719163,house_self_emp_yes,15.0
480291719181,house_self_emp_yes,26.0
480291215044,house_self_emp_yes,160.0
480291215064,house_self_emp_yes,58.0
480291216061,house_self_emp_yes,45.0
480291216064,house_self_emp_yes,14.0
480291217013,house_self_emp_yes,40.0
480291217022,house_self_emp_yes,67.0
480291218082,house_self_emp_yes,102.0
480291218093,house_self_emp_yes,37.0
480291218111,house_self_emp_yes,84.0
480291218122,house_self_emp_yes,102.0
480291218131,house_self_emp_yes,75.0
480291219041,house_self_emp_yes,41.0
480291219052,house_self_emp_yes,99.0
480291219071,house_self_emp_yes,69.0
480291211085,house_self_emp_yes,132.0
480291211191,house_self_emp_yes,0.0
480291211201,house_self_emp_yes,18.0
480291207013,house_self_emp_yes,92.0
480291215043,house_self_emp_yes,65.0
480291503002,house_self_emp_yes,39.0
480291418003,house_self_emp_yes,96.0
480291508001,house_self_emp_yes,32.0
480291712001,house_self_emp_yes,7.0
480291712002,house_self_emp_yes,32.0
480291512004,house_self_emp_yes,27.0
480291904002,house_self_emp_yes,57.0
480291817121,house_self_emp_yes,74.0
480291816024,house_self_emp_yes,26.0
480291816022,house_self_emp_yes,12.0
480291314022,house_self_emp_yes,39.0
480291719183,house_self_emp_yes,106.0
480291719201,house_self_emp_yes,193.0
480291719212,house_self_emp_yes,33.0
480291719231,house_self_emp_yes,22.0
480291719234,house_self_emp_yes,135.0
480291719251,house_self_emp_yes,22.0
480291719253,house_self_emp_yes,205.0
480291720023,house_self_emp_yes,96.0
480291720041,house_self_emp_yes,124.0
480291720061,house_self_emp_yes,137.0
480291720071,house_self_emp_yes,176.0
480291801011,house_self_emp_yes,2.0
480291714011,house_self_emp_yes,54.0
480291714022,house_self_emp_yes,20.0
480291715012,house_self_emp_yes,49.0
480291715023,house_self_emp_yes,52.0
480291917011,house_self_emp_yes,92.0
480291917022,house_self_emp_yes,130.0
480291918043,house_self_emp_yes,194.0
480291918111,house_self_emp_yes,162.0
480291918063,house_self_emp_yes,338.0
480291918081,house_self_emp_yes,181.0
480291918092,house_self_emp_yes,90.0
480291918131,house_self_emp_yes,161.0
480291817252,house_self_emp_yes,0.0
480291817263,house_self_emp_yes,165.0
480291817281,house_self_emp_yes,179.0
480291817301,house_self_emp_yes,17.0
480291817312,house_self_emp_yes,21.0
480291818112,house_self_emp_yes,22.0
480291818132,house_self_emp_yes,18.0
480291818142,house_self_emp_yes,104.0
480291818161,house_self_emp_yes,49.0
480291818172,house_self_emp_yes,47.0
480291818183,house_self_emp_yes,71.0
480291818201,house_self_emp_yes,0.0
480291818212,house_self_emp_yes,90.0
480291818223,house_self_emp_yes,58.0
480291905032,house_self_emp_yes,60.0
480291905042,house_self_emp_yes,67.0
480291906041,house_self_emp_yes,76.0
480291910051,house_self_emp_yes,89.0
480291910062,house_self_emp_yes,60.0
480291801013,house_self_emp_yes,92.0
480291801016,house_self_emp_yes,10.0
480291806031,house_self_emp_yes,42.0
480291806043,house_self_emp_yes,52.0
480291807026,house_self_emp_yes,17.0
480291814031,house_self_emp_yes,16.0
480291814041,house_self_emp_yes,53.0
480291815044,house_self_emp_yes,28.0
480291817154,house_self_emp_yes,72.0
480291820022,house_self_emp_yes,21.0
480291820031,house_self_emp_yes,228.0
480291821013,house_self_emp_yes,182.0
480291821051,house_self_emp_yes,122.0
480291910065,house_self_emp_yes,0.0
480291912013,house_self_emp_yes,48.0
480291918141,house_self_emp_yes,170.0
480291918152,house_self_emp_yes,138.0
480291918171,house_self_emp_yes,525.0
480291919002,house_self_emp_yes,8.0
480291919005,house_self_emp_yes,46.0
480291920003,house_self_emp_yes,76.0
480291921001,house_self_emp_yes,148.0
480291922002,house_self_emp_yes,25.0
480291805031,house_self_emp_no,240.0
480291805032,house_self_emp_no,520.0
480291704013,house_self_emp_no,397.0
480291704012,house_self_emp_no,174.0
480291914061,house_self_emp_no,953.0
480291914092,house_self_emp_no,1260.0
480291212042,house_self_emp_no,712.0
480291215081,house_self_emp_no,407.0
480291914051,house_self_emp_no,1042.0
480291914052,house_self_emp_no,726.0
480291914053,house_self_emp_no,482.0
480291914055,house_self_emp_no,390.0
480291709001,house_self_emp_no,395.0
480291709003,house_self_emp_no,226.0
480291610002,house_self_emp_no,482.0
480291610001,house_self_emp_no,607.0
480291615015,house_self_emp_no,438.0
480291615011,house_self_emp_no,1088.0
480291615013,house_self_emp_no,387.0
480291711001,house_self_emp_no,488.0
480291620011,house_self_emp_no,497.0
480291701022,house_self_emp_no,260.0
480291701021,house_self_emp_no,269.0
480291807022,house_self_emp_no,411.0
480291807023,house_self_emp_no,145.0
480291807025,house_self_emp_no,182.0
480291809012,house_self_emp_no,406.0
480291809015,house_self_emp_no,304.0
480291106003,house_self_emp_no,312.0
480291108002,house_self_emp_no,274.0
480291108001,house_self_emp_no,288.0
480291208004,house_self_emp_no,309.0
480291208006,house_self_emp_no,247.0
480291208001,house_self_emp_no,214.0
480291208002,house_self_emp_no,424.0
480291208005,house_self_emp_no,226.0
480291208007,house_self_emp_no,198.0
480291208003,house_self_emp_no,510.0
480291211113,house_self_emp_no,438.0
480291211111,house_self_emp_no,290.0
480291211112,house_self_emp_no,565.0
480291211114,house_self_emp_no,682.0
480291211161,house_self_emp_no,696.0
480291211164,house_self_emp_no,615.0
480291211162,house_self_emp_no,203.0
480291211181,house_self_emp_no,479.0
480291211182,house_self_emp_no,1005.0
480291212031,house_self_emp_no,336.0
480291212032,house_self_emp_no,469.0
480291212051,house_self_emp_no,899.0
480291817182,house_self_emp_no,474.0
480291818111,house_self_emp_no,1050.0
480291902003,house_self_emp_no,326.0
480291902004,house_self_emp_no,348.0
480291902001,house_self_emp_no,208.0
480291802021,house_self_emp_no,660.0
480291802023,house_self_emp_no,703.0
480291805013,house_self_emp_no,368.0
480291805012,house_self_emp_no,175.0
480291805011,house_self_emp_no,705.0
480291808002,house_self_emp_no,495.0
480291808001,house_self_emp_no,391.0
480291708002,house_self_emp_no,267.0
480291106002,house_self_emp_no,717.0
480291504001,house_self_emp_no,140.0
480291504002,house_self_emp_no,237.0
480291510001,house_self_emp_no,244.0
480291521002,house_self_emp_no,271.0
480291521001,house_self_emp_no,301.0
480291607024,house_self_emp_no,356.0
480291607023,house_self_emp_no,469.0
480291616002,house_self_emp_no,726.0
480291616001,house_self_emp_no,427.0
480291216012,house_self_emp_no,487.0
480291216013,house_self_emp_no,484.0
480291216014,house_self_emp_no,402.0
480291218021,house_self_emp_no,783.0
480291218023,house_self_emp_no,830.0
480291303002,house_self_emp_no,288.0
480291303001,house_self_emp_no,164.0
480291307002,house_self_emp_no,291.0
480291307001,house_self_emp_no,425.0
480291702004,house_self_emp_no,201.0
480291702006,house_self_emp_no,259.0
480291702002,house_self_emp_no,233.0
480291702005,house_self_emp_no,379.0
480291702001,house_self_emp_no,185.0
480291316011,house_self_emp_no,233.0
480291317001,house_self_emp_no,271.0
480291412004,house_self_emp_no,230.0
480291412001,house_self_emp_no,544.0
480291412005,house_self_emp_no,476.0
480291412002,house_self_emp_no,355.0
480291501003,house_self_emp_no,332.0
480291309002,house_self_emp_no,413.0
480291309003,house_self_emp_no,431.0
480291310003,house_self_emp_no,202.0
480291310004,house_self_emp_no,267.0
480291310001,house_self_emp_no,885.0
480291310002,house_self_emp_no,242.0
480291405003,house_self_emp_no,411.0
480291405002,house_self_emp_no,433.0
480291405001,house_self_emp_no,230.0
480291405004,house_self_emp_no,180.0
480291406002,house_self_emp_no,263.0
480291406001,house_self_emp_no,504.0
480291407003,house_self_emp_no,362.0
480291407001,house_self_emp_no,411.0
480291407004,house_self_emp_no,267.0
480291407005,house_self_emp_no,371.0
480291413001,house_self_emp_no,351.0
480291413003,house_self_emp_no,925.0
480291702003,house_self_emp_no,285.0
480291806023,house_self_emp_no,273.0
480291806021,house_self_emp_no,243.0
480291911021,house_self_emp_no,306.0
480291911022,house_self_emp_no,318.0
480291911023,house_self_emp_no,255.0
480291209012,house_self_emp_no,582.0
480291209011,house_self_emp_no,220.0
480291211122,house_self_emp_no,510.0
480291519001,house_self_emp_no,471.0
480291409002,house_self_emp_no,329.0
480291417001,house_self_emp_no,760.0
480291417002,house_self_emp_no,696.0
480291505012,house_self_emp_no,336.0
480291505014,house_self_emp_no,177.0
480291604002,house_self_emp_no,631.0
480291604004,house_self_emp_no,219.0
480291604001,house_self_emp_no,307.0
480291604003,house_self_emp_no,282.0
480291611005,house_self_emp_no,377.0
480291611006,house_self_emp_no,164.0
480291611001,house_self_emp_no,824.0
480291611004,house_self_emp_no,373.0
480291611003,house_self_emp_no,264.0
480291611002,house_self_emp_no,362.0
480291813012,house_self_emp_no,688.0
480291813011,house_self_emp_no,1064.0
480291814021,house_self_emp_no,387.0
480291814022,house_self_emp_no,693.0
480291109001,house_self_emp_no,802.0
480291110003,house_self_emp_no,494.0
480291110002,house_self_emp_no,276.0
480291204001,house_self_emp_no,343.0
480291204005,house_self_emp_no,309.0
480291710004,house_self_emp_no,435.0
480291204003,house_self_emp_no,198.0
480291207021,house_self_emp_no,1217.0
480291704014,house_self_emp_no,279.0
480291710001,house_self_emp_no,327.0
480291710002,house_self_emp_no,188.0
480291717001,house_self_emp_no,602.0
480291717003,house_self_emp_no,205.0
480291215013,house_self_emp_no,902.0
480291215011,house_self_emp_no,494.0
480291215074,house_self_emp_no,330.0
480291215071,house_self_emp_no,311.0
480291215072,house_self_emp_no,474.0
480291312002,house_self_emp_no,437.0
480291401002,house_self_emp_no,226.0
480291401001,house_self_emp_no,260.0
480291404004,house_self_emp_no,180.0
480291101002,house_self_emp_no,454.0
480291209022,house_self_emp_no,817.0
480291209021,house_self_emp_no,842.0
480291214033,house_self_emp_no,722.0
480291214031,house_self_emp_no,739.0
480291216042,house_self_emp_no,373.0
480291216043,house_self_emp_no,247.0
480291306004,house_self_emp_no,418.0
480291207022,house_self_emp_no,480.0
480291213003,house_self_emp_no,349.0
480291213001,house_self_emp_no,878.0
480291703004,house_self_emp_no,175.0
480291703002,house_self_emp_no,119.0
480291703006,house_self_emp_no,257.0
480291703005,house_self_emp_no,430.0
480291703003,house_self_emp_no,201.0
480291704024,house_self_emp_no,166.0
480291704021,house_self_emp_no,489.0
480291706001,house_self_emp_no,340.0
480291706004,house_self_emp_no,326.0
480291706003,house_self_emp_no,324.0
480291707003,house_self_emp_no,597.0
480291707002,house_self_emp_no,244.0
480291212044,house_self_emp_no,595.0
480291212043,house_self_emp_no,454.0
480291404001,house_self_emp_no,242.0
480291404002,house_self_emp_no,390.0
480291504003,house_self_emp_no,654.0
480291215052,house_self_emp_no,200.0
480291403002,house_self_emp_no,333.0
480291403003,house_self_emp_no,283.0
480291520001,house_self_emp_no,653.0
480291701011,house_self_emp_no,226.0
480291701012,house_self_emp_no,365.0
480291718022,house_self_emp_no,460.0
480291718025,house_self_emp_no,189.0
480291718023,house_self_emp_no,443.0
480291408004,house_self_emp_no,283.0
480291408001,house_self_emp_no,332.0
480291408005,house_self_emp_no,346.0
480291408003,house_self_emp_no,161.0
480291408002,house_self_emp_no,386.0
480291505023,house_self_emp_no,278.0
480291505022,house_self_emp_no,330.0
480291505021,house_self_emp_no,318.0
480291507006,house_self_emp_no,75.0
480291507001,house_self_emp_no,166.0
480291507003,house_self_emp_no,195.0
480291601004,house_self_emp_no,688.0
480291601003,house_self_emp_no,416.0
480291601001,house_self_emp_no,355.0
480291813023,house_self_emp_no,626.0
480291809021,house_self_emp_no,431.0
480291809023,house_self_emp_no,391.0
480291809022,house_self_emp_no,447.0
480291809025,house_self_emp_no,437.0
480291810031,house_self_emp_no,813.0
480291810051,house_self_emp_no,829.0
480291810052,house_self_emp_no,263.0
480291815061,house_self_emp_no,174.0
480291815062,house_self_emp_no,457.0
480291817151,house_self_emp_no,233.0
480291203002,house_self_emp_no,244.0
480291203003,house_self_emp_no,482.0
480291203005,house_self_emp_no,248.0
480291205013,house_self_emp_no,467.0
480291205015,house_self_emp_no,336.0
480291205012,house_self_emp_no,625.0
480291205014,house_self_emp_no,575.0
480291211152,house_self_emp_no,754.0
480291211153,house_self_emp_no,596.0
480291211172,house_self_emp_no,412.0
480291211171,house_self_emp_no,714.0
480291720021,house_self_emp_no,1495.0
480291817031,house_self_emp_no,1105.0
480291817032,house_self_emp_no,609.0
480291803003,house_self_emp_no,335.0
480291803001,house_self_emp_no,303.0
480291803002,house_self_emp_no,443.0
480291817161,house_self_emp_no,851.0
480291910034,house_self_emp_no,281.0
480291910035,house_self_emp_no,212.0
480291910033,house_self_emp_no,364.0
480291910031,house_self_emp_no,314.0
480291910032,house_self_emp_no,1410.0
480291214041,house_self_emp_no,495.0
480291214042,house_self_emp_no,820.0
480291214043,house_self_emp_no,469.0
480291313001,house_self_emp_no,485.0
480291313004,house_self_emp_no,308.0
480291316061,house_self_emp_no,744.0
480291103003,house_self_emp_no,147.0
480291103002,house_self_emp_no,364.0
480291201001,house_self_emp_no,852.0
480291206002,house_self_emp_no,343.0
480291206003,house_self_emp_no,344.0
480291206006,house_self_emp_no,184.0
480291206005,house_self_emp_no,282.0
480291517003,house_self_emp_no,368.0
480291517002,house_self_emp_no,457.0
480291517001,house_self_emp_no,437.0
480291607013,house_self_emp_no,165.0
480291306001,house_self_emp_no,259.0
480291306003,house_self_emp_no,301.0
480291306002,house_self_emp_no,283.0
480291402003,house_self_emp_no,225.0
480291402002,house_self_emp_no,206.0
480291402001,house_self_emp_no,212.0
480291402004,house_self_emp_no,162.0
480291309001,house_self_emp_no,686.0
480291717004,house_self_emp_no,632.0
480291719035,house_self_emp_no,370.0
480291717006,house_self_emp_no,355.0
480291719032,house_self_emp_no,343.0
480291719034,house_self_emp_no,309.0
480291509002,house_self_emp_no,224.0
480291509001,house_self_emp_no,367.0
480291509005,house_self_emp_no,452.0
480291705003,house_self_emp_no,364.0
480291705004,house_self_emp_no,211.0
480291705002,house_self_emp_no,402.0
480291805042,house_self_emp_no,718.0
480291205025,house_self_emp_no,364.0
480291205023,house_self_emp_no,189.0
480291205026,house_self_emp_no,246.0
480291205024,house_self_emp_no,250.0
480291207012,house_self_emp_no,407.0
480291207011,house_self_emp_no,281.0
480291302002,house_self_emp_no,215.0
480291410003,house_self_emp_no,468.0
480291410002,house_self_emp_no,599.0
480291516001,house_self_emp_no,666.0
480291516004,house_self_emp_no,358.0
480291516002,house_self_emp_no,284.0
480291817051,house_self_emp_no,762.0
480291817052,house_self_emp_no,543.0
480291512002,house_self_emp_no,1015.0
480291606001,house_self_emp_no,307.0
480291606003,house_self_emp_no,572.0
480291419003,house_self_emp_no,374.0
480291419002,house_self_emp_no,610.0
480291515003,house_self_emp_no,325.0
480291515002,house_self_emp_no,282.0
480291603003,house_self_emp_no,280.0
480291603002,house_self_emp_no,351.0
480291603005,house_self_emp_no,390.0
480291612001,house_self_emp_no,221.0
480291612002,house_self_emp_no,513.0
480291804003,house_self_emp_no,183.0
480291804001,house_self_emp_no,582.0
480291807012,house_self_emp_no,1360.0
480291811004,house_self_emp_no,299.0
480291811002,house_self_emp_no,384.0
480291811003,house_self_emp_no,821.0
480291909015,house_self_emp_no,293.0
480291909013,house_self_emp_no,222.0
480291809014,house_self_emp_no,284.0
480291813031,house_self_emp_no,558.0
480291815041,house_self_emp_no,815.0
480291815042,house_self_emp_no,1149.0
480291816012,house_self_emp_no,752.0
480291906011,house_self_emp_no,320.0
480291818091,house_self_emp_no,432.0
480291818092,house_self_emp_no,830.0
480291818094,house_self_emp_no,383.0
480291906013,house_self_emp_no,300.0
480291910041,house_self_emp_no,415.0
480291910043,house_self_emp_no,239.0
480291813022,house_self_emp_no,1096.0
480291212063,house_self_emp_no,247.0
480291212061,house_self_emp_no,379.0
480291212065,house_self_emp_no,506.0
480291212062,house_self_emp_no,300.0
480291214022,house_self_emp_no,382.0
480291214021,house_self_emp_no,1400.0
480291218031,house_self_emp_no,515.0
480291218032,house_self_emp_no,255.0
480291218033,house_self_emp_no,687.0
480291218041,house_self_emp_no,598.0
480291218042,house_self_emp_no,859.0
480291218043,house_self_emp_no,657.0
480291308001,house_self_emp_no,1010.0
480291308004,house_self_emp_no,314.0
480291308002,house_self_emp_no,309.0
480291308003,house_self_emp_no,132.0
480291311003,house_self_emp_no,284.0
480291311002,house_self_emp_no,217.0
480291602002,house_self_emp_no,283.0
480291817134,house_self_emp_no,526.0
480291817132,house_self_emp_no,498.0
480291817133,house_self_emp_no,548.0
480291815054,house_self_emp_no,426.0
480291815053,house_self_emp_no,344.0
480291815051,house_self_emp_no,299.0
480291817042,house_self_emp_no,370.0
480291817044,house_self_emp_no,259.0
480291817111,house_self_emp_no,674.0
480291907002,house_self_emp_no,349.0
480291907003,house_self_emp_no,412.0
480291607011,house_self_emp_no,394.0
480291607012,house_self_emp_no,316.0
480291718011,house_self_emp_no,360.0
480291718013,house_self_emp_no,459.0
480291718014,house_self_emp_no,301.0
480291718012,house_self_emp_no,460.0
480291802013,house_self_emp_no,806.0
480291802012,house_self_emp_no,308.0
480291802014,house_self_emp_no,446.0
480291802011,house_self_emp_no,170.0
480291812001,house_self_emp_no,177.0
480291812004,house_self_emp_no,568.0
480291812002,house_self_emp_no,304.0
480291812005,house_self_emp_no,282.0
480291514004,house_self_emp_no,179.0
480291511003,house_self_emp_no,247.0
480291511001,house_self_emp_no,188.0
480291514001,house_self_emp_no,214.0
480291514002,house_self_emp_no,362.0
480291905012,house_self_emp_no,282.0
480291905013,house_self_emp_no,233.0
480291905011,house_self_emp_no,281.0
480291908001,house_self_emp_no,299.0
480291908002,house_self_emp_no,301.0
480291909011,house_self_emp_no,482.0
480291909012,house_self_emp_no,679.0
480291909021,house_self_emp_no,534.0
480291909023,house_self_emp_no,249.0
480291810012,house_self_emp_no,689.0
480291810042,house_self_emp_no,1497.0
480291810041,house_self_emp_no,943.0
480291901004,house_self_emp_no,344.0
480291901003,house_self_emp_no,282.0
480291901002,house_self_emp_no,361.0
480291719021,house_self_emp_no,1156.0
480291311001,house_self_emp_no,175.0
480291203008,house_self_emp_no,232.0
480291203007,house_self_emp_no,226.0
480291501001,house_self_emp_no,604.0
480291501004,house_self_emp_no,371.0
480291506004,house_self_emp_no,334.0
480291506003,house_self_emp_no,307.0
480291511007,house_self_emp_no,412.0
480291511005,house_self_emp_no,280.0
480291511004,house_self_emp_no,337.0
480291918042,house_self_emp_no,824.0
480291918041,house_self_emp_no,414.0
480291210004,house_self_emp_no,368.0
480291210003,house_self_emp_no,739.0
480291210005,house_self_emp_no,556.0
480291210006,house_self_emp_no,311.0
480291211102,house_self_emp_no,388.0
480291215062,house_self_emp_no,275.0
480291215061,house_self_emp_no,360.0
480291305001,house_self_emp_no,192.0
480291305003,house_self_emp_no,693.0
480291305002,house_self_emp_no,254.0
480291305004,house_self_emp_no,200.0
480291904003,house_self_emp_no,361.0
480291211081,house_self_emp_no,352.0
480291211083,house_self_emp_no,984.0
480291211084,house_self_emp_no,516.0
480291207015,house_self_emp_no,464.0
480291215042,house_self_emp_no,206.0
480291215041,house_self_emp_no,577.0
480291503001,house_self_emp_no,191.0
480291503004,house_self_emp_no,427.0
480291503003,house_self_emp_no,173.0
480291602003,house_self_emp_no,252.0
480291508002,house_self_emp_no,189.0
480291508003,house_self_emp_no,333.0
480291712003,house_self_emp_no,446.0
480291418001,house_self_emp_no,237.0
480291418002,house_self_emp_no,214.0
480291512005,house_self_emp_no,960.0
480291512003,house_self_emp_no,290.0
480291512001,house_self_emp_no,307.0
480291107001,house_self_emp_no,549.0
480291904001,house_self_emp_no,225.0
480291719121,house_self_emp_no,1537.0
480291817122,house_self_emp_no,484.0
480291816023,house_self_emp_no,424.0
480291816021,house_self_emp_no,315.0
480291818081,house_self_emp_no,624.0
480291821021,house_self_emp_no,433.0
480291911011,house_self_emp_no,277.0
480291911012,house_self_emp_no,286.0
480291219082,house_self_emp_no,525.0
480291219091,house_self_emp_no,1197.0
480291219092,house_self_emp_no,1347.0
480291219101,house_self_emp_no,1713.0
480291219102,house_self_emp_no,343.0
480291304011,house_self_emp_no,245.0
480291304012,house_self_emp_no,305.0
480291304013,house_self_emp_no,428.0
480291304014,house_self_emp_no,235.0
480291304021,house_self_emp_no,312.0
480291304022,house_self_emp_no,510.0
480291304023,house_self_emp_no,371.0
480291314011,house_self_emp_no,1573.0
480291314012,house_self_emp_no,1020.0
480291314021,house_self_emp_no,233.0
480291719182,house_self_emp_no,491.0
480291719184,house_self_emp_no,442.0
480291719191,house_self_emp_no,1253.0
480291719202,house_self_emp_no,1443.0
480291719211,house_self_emp_no,703.0
480291719213,house_self_emp_no,313.0
480291719221,house_self_emp_no,877.0
480291719232,house_self_emp_no,435.0
480291719233,house_self_emp_no,1085.0
480291719241,house_self_emp_no,2029.0
480291720022,house_self_emp_no,1481.0
480291719242,house_self_emp_no,617.0
480291719252,house_self_emp_no,751.0
480291719254,house_self_emp_no,944.0
480291720031,house_self_emp_no,774.0
480291720032,house_self_emp_no,788.0
480291720051,house_self_emp_no,1487.0
480291720052,house_self_emp_no,1850.0
480291720062,house_self_emp_no,522.0
480291720063,house_self_emp_no,552.0
480291720072,house_self_emp_no,772.0
480291720073,house_self_emp_no,1154.0
480291801012,house_self_emp_no,443.0
480291315031,house_self_emp_no,437.0
480291315032,house_self_emp_no,335.0
480291315041,house_self_emp_no,367.0
480291315042,house_self_emp_no,298.0
480291315051,house_self_emp_no,531.0
480291315052,house_self_emp_no,583.0
480291315062,house_self_emp_no,691.0
480291316081,house_self_emp_no,821.0
480291315071,house_self_emp_no,797.0
480291315073,house_self_emp_no,690.0
480291316012,house_self_emp_no,739.0
480291316082,house_self_emp_no,1005.0
480291316092,house_self_emp_no,598.0
480291316093,house_self_emp_no,777.0
480291316102,house_self_emp_no,564.0
480291316111,house_self_emp_no,338.0
480291316131,house_self_emp_no,510.0
480291316132,house_self_emp_no,786.0
480291316142,house_self_emp_no,128.0
480291316151,house_self_emp_no,1036.0
480291316153,house_self_emp_no,327.0
480291316154,house_self_emp_no,396.0
480291318012,house_self_emp_no,219.0
480291318021,house_self_emp_no,505.0
480291318023,house_self_emp_no,585.0
480291411011,house_self_emp_no,553.0
480291411013,house_self_emp_no,410.0
480291411021,house_self_emp_no,395.0
480291411023,house_self_emp_no,538.0
480291414022,house_self_emp_no,484.0
480291414032,house_self_emp_no,963.0
480291414041,house_self_emp_no,639.0
480291414043,house_self_emp_no,514.0
480291416002,house_self_emp_no,539.0
480291513011,house_self_emp_no,271.0
480291513012,house_self_emp_no,237.0
480291513013,house_self_emp_no,403.0
480291513014,house_self_emp_no,652.0
480291513021,house_self_emp_no,428.0
480291513022,house_self_emp_no,434.0
480291521003,house_self_emp_no,161.0
480291521004,house_self_emp_no,563.0
480291522011,house_self_emp_no,631.0
480291522012,house_self_emp_no,494.0
480291522013,house_self_emp_no,583.0
480291522021,house_self_emp_no,744.0
480291605011,house_self_emp_no,561.0
480291605012,house_self_emp_no,294.0
480291605021,house_self_emp_no,172.0
480291609013,house_self_emp_no,311.0
480291605022,house_self_emp_no,228.0
480291605024,house_self_emp_no,393.0
480291609011,house_self_emp_no,212.0
480291609021,house_self_emp_no,407.0
480291609023,house_self_emp_no,373.0
480291613022,house_self_emp_no,417.0
480291613032,house_self_emp_no,482.0
480291613041,house_self_emp_no,464.0
480291614001,house_self_emp_no,353.0
480291615031,house_self_emp_no,531.0
480291615033,house_self_emp_no,232.0
480291615041,house_self_emp_no,418.0
480291618011,house_self_emp_no,907.0
480291618012,house_self_emp_no,261.0
480291618022,house_self_emp_no,896.0
480291619011,house_self_emp_no,298.0
480291619022,house_self_emp_no,757.0
480291619023,house_self_emp_no,987.0
480291620032,house_self_emp_no,370.0
480291620033,house_self_emp_no,249.0
480291620042,house_self_emp_no,517.0
480291713011,house_self_emp_no,223.0
480291713021,house_self_emp_no,185.0
480291713022,house_self_emp_no,266.0
480291716011,house_self_emp_no,480.0
480291716013,house_self_emp_no,428.0
480291716021,house_self_emp_no,582.0
480291719022,house_self_emp_no,1440.0
480291719023,house_self_emp_no,2395.0
480291719131,house_self_emp_no,1165.0
480291719132,house_self_emp_no,444.0
480291719142,house_self_emp_no,459.0
480291719143,house_self_emp_no,520.0
480291719161,house_self_emp_no,921.0
480291719162,house_self_emp_no,465.0
480291719171,house_self_emp_no,1221.0
480291719172,house_self_emp_no,1380.0
480291215053,house_self_emp_no,577.0
480291216051,house_self_emp_no,445.0
480291216052,house_self_emp_no,235.0
480291216062,house_self_emp_no,1127.0
480291216063,house_self_emp_no,384.0
480291217011,house_self_emp_no,490.0
480291217012,house_self_emp_no,286.0
480291217014,house_self_emp_no,342.0
480291217021,house_self_emp_no,1127.0
480291217023,house_self_emp_no,918.0
480291218081,house_self_emp_no,209.0
480291218091,house_self_emp_no,273.0
480291218092,house_self_emp_no,721.0
480291218101,house_self_emp_no,890.0
480291218102,house_self_emp_no,386.0
480291218112,house_self_emp_no,315.0
480291218121,house_self_emp_no,1047.0
480291219032,house_self_emp_no,890.0
480291218123,house_self_emp_no,288.0
480291218124,house_self_emp_no,166.0
480291219031,house_self_emp_no,827.0
480291219042,house_self_emp_no,665.0
480291219051,house_self_emp_no,732.0
480291219061,house_self_emp_no,887.0
480291219062,house_self_emp_no,920.0
480291219072,house_self_emp_no,2993.0
480291219081,house_self_emp_no,551.0
480291209024,house_self_emp_no,521.0
480291211103,house_self_emp_no,401.0
480291211183,house_self_emp_no,592.0
480291211192,house_self_emp_no,1138.0
480291211193,house_self_emp_no,646.0
480291211202,house_self_emp_no,699.0
480291211211,house_self_emp_no,552.0
480291211212,house_self_emp_no,342.0
480291211221,house_self_emp_no,518.0
480291211222,house_self_emp_no,496.0
480291211223,house_self_emp_no,673.0
480291215014,house_self_emp_no,653.0
480291713023,house_self_emp_no,228.0
480291713024,house_self_emp_no,293.0
480291714012,house_self_emp_no,679.0
480291714021,house_self_emp_no,695.0
480291714023,house_self_emp_no,493.0
480291715011,house_self_emp_no,394.0
480291715021,house_self_emp_no,347.0
480291715022,house_self_emp_no,223.0
480291715024,house_self_emp_no,355.0
480291914121,house_self_emp_no,596.0
480291914131,house_self_emp_no,1038.0
480291914132,house_self_emp_no,1241.0
480291915031,house_self_emp_no,744.0
480291915032,house_self_emp_no,654.0
480291915033,house_self_emp_no,562.0
480291915041,house_self_emp_no,373.0
480291915042,house_self_emp_no,294.0
480291915051,house_self_emp_no,284.0
480291915052,house_self_emp_no,364.0
480291915061,house_self_emp_no,966.0
480291915062,house_self_emp_no,993.0
480291915063,house_self_emp_no,433.0
480291917012,house_self_emp_no,183.0
480291917021,house_self_emp_no,1454.0
480291917023,house_self_emp_no,341.0
480291917024,house_self_emp_no,513.0
480291918061,house_self_emp_no,348.0
480291918062,house_self_emp_no,544.0
480291918071,house_self_emp_no,1521.0
480291918072,house_self_emp_no,1041.0
480291918082,house_self_emp_no,599.0
480291918091,house_self_emp_no,1386.0
480291918101,house_self_emp_no,778.0
480291918102,house_self_emp_no,671.0
480291918121,house_self_emp_no,696.0
480291918122,house_self_emp_no,342.0
480291918132,house_self_emp_no,728.0
480291821062,house_self_emp_no,946.0
480291905031,house_self_emp_no,377.0
480291905033,house_self_emp_no,461.0
480291905041,house_self_emp_no,460.0
480291906031,house_self_emp_no,392.0
480291906032,house_self_emp_no,397.0
480291906042,house_self_emp_no,341.0
480291906043,house_self_emp_no,412.0
480291910052,house_self_emp_no,303.0
480291910061,house_self_emp_no,234.0
480291910063,house_self_emp_no,654.0
480291801014,house_self_emp_no,230.0
480291801015,house_self_emp_no,301.0
480291801021,house_self_emp_no,256.0
480291806044,house_self_emp_no,234.0
480291801022,house_self_emp_no,342.0
480291806041,house_self_emp_no,563.0
480291806042,house_self_emp_no,790.0
480291806045,house_self_emp_no,306.0
480291810033,house_self_emp_no,1214.0
480291813032,house_self_emp_no,631.0
480291814032,house_self_emp_no,894.0
480291814033,house_self_emp_no,514.0
480291814042,house_self_emp_no,676.0
480291815032,house_self_emp_no,2002.0
480291817112,house_self_emp_no,631.0
480291817113,house_self_emp_no,1018.0
480291817153,house_self_emp_no,382.0
480291817162,house_self_emp_no,461.0
480291817163,house_self_emp_no,781.0
480291817164,house_self_emp_no,200.0
480291817183,house_self_emp_no,625.0
480291817201,house_self_emp_no,1057.0
480291817202,house_self_emp_no,187.0
480291817211,house_self_emp_no,607.0
480291817212,house_self_emp_no,377.0
480291817231,house_self_emp_no,482.0
480291817221,house_self_emp_no,534.0
480291817222,house_self_emp_no,335.0
480291817223,house_self_emp_no,374.0
480291817232,house_self_emp_no,318.0
480291817233,house_self_emp_no,653.0
480291817241,house_self_emp_no,658.0
480291817242,house_self_emp_no,692.0
480291817251,house_self_emp_no,1084.0
480291817261,house_self_emp_no,730.0
480291817262,house_self_emp_no,987.0
480291817271,house_self_emp_no,827.0
480291817272,house_self_emp_no,265.0
480291817282,house_self_emp_no,1175.0
480291817291,house_self_emp_no,2346.0
480291817302,house_self_emp_no,815.0
480291817311,house_self_emp_no,503.0
480291817313,house_self_emp_no,633.0
480291817314,house_self_emp_no,381.0
480291818131,house_self_emp_no,1013.0
480291818133,house_self_emp_no,1127.0
480291818141,house_self_emp_no,1859.0
480291818151,house_self_emp_no,461.0
480291818152,house_self_emp_no,765.0
480291818162,house_self_emp_no,949.0
480291818171,house_self_emp_no,858.0
480291818181,house_self_emp_no,851.0
480291818182,house_self_emp_no,543.0
480291818191,house_self_emp_no,201.0
480291818192,house_self_emp_no,1955.0
480291818202,house_self_emp_no,1339.0
480291818211,house_self_emp_no,315.0
480291818221,house_self_emp_no,345.0
480291818222,house_self_emp_no,544.0
480291818231,house_self_emp_no,979.0
480291818241,house_self_emp_no,378.0
480291912012,house_self_emp_no,374.0
480291910064,house_self_emp_no,325.0
480291912011,house_self_emp_no,408.0
480291912021,house_self_emp_no,384.0
480291912022,house_self_emp_no,836.0
480291912023,house_self_emp_no,236.0
480291912024,house_self_emp_no,473.0
480291913031,house_self_emp_no,684.0
480291913041,house_self_emp_no,255.0
480291913042,house_self_emp_no,762.0
480291914062,house_self_emp_no,645.0
480291914063,house_self_emp_no,564.0
480291914082,house_self_emp_no,526.0
480291914101,house_self_emp_no,627.0
480291914102,house_self_emp_no,1086.0
480291914103,house_self_emp_no,782.0
480291914111,house_self_emp_no,595.0
480291914112,house_self_emp_no,1086.0
480291818242,house_self_emp_no,588.0
480291818251,house_self_emp_no,673.0
480291818252,house_self_emp_no,1008.0
480291818261,house_self_emp_no,513.0
480291818262,house_self_emp_no,587.0
480291818263,house_self_emp_no,394.0
480291818264,house_self_emp_no,393.0
480291819011,house_self_emp_no,872.0
480291819012,house_self_emp_no,1217.0
480291819021,house_self_emp_no,1497.0
480291819022,house_self_emp_no,744.0
480291820011,house_self_emp_no,749.0
480291820012,house_self_emp_no,832.0
480291820021,house_self_emp_no,1548.0
480291820023,house_self_emp_no,834.0
480291820032,house_self_emp_no,452.0
480291821012,house_self_emp_no,931.0
480291821022,house_self_emp_no,596.0
480291821023,house_self_emp_no,1186.0
480291821061,house_self_emp_no,826.0
480291918142,house_self_emp_no,558.0
480291918151,house_self_emp_no,793.0
480291918161,house_self_emp_no,837.0
480291918162,house_self_emp_no,508.0
480291918172,house_self_emp_no,914.0
480291919001,house_self_emp_no,375.0
480291919003,house_self_emp_no,241.0
480291919004,house_self_emp_no,176.0
480291920001,house_self_emp_no,416.0
480291920002,house_self_emp_no,648.0
480291920004,house_self_emp_no,185.0
480291920005,house_self_emp_no,125.0
480291921002,house_self_emp_no,475.0
480291922001,house_self_emp_no,634.0
480291923001,house_self_emp_no,328.0
480291923002,house_self_emp_no,993.0
480291923003,house_self_emp_no,357.0
480291923004,house_self_emp_no,326.0
480299800011,house_self_emp_no,0.0
480299800021,house_self_emp_no,0.0
480299800031,house_self_emp_no,212.0
480299800041,house_self_emp_no,0.0
480299800051,house_self_emp_no,4.0
480299801001,house_self_emp_no,64.0
480291805033,house_self_emp_no,534.0
480291704011,house_self_emp_no,251.0
480291914081,house_self_emp_no,793.0
480291914091,house_self_emp_no,1477.0
480291412006,house_self_emp_no,363.0
480291412003,house_self_emp_no,321.0
480291501002,house_self_emp_no,458.0
480291407002,house_self_emp_no,423.0
480291413002,house_self_emp_no,807.0
480291414021,house_self_emp_no,919.0
480291806022,house_self_emp_no,731.0
480291101003,house_self_emp_no,631.0
480291211121,house_self_emp_no,1095.0
480291519002,house_self_emp_no,1276.0
480291409001,house_self_emp_no,315.0
480291505011,house_self_emp_no,191.0
480291505013,house_self_emp_no,312.0
480291110001,house_self_emp_no,313.0
480291204002,house_self_emp_no,247.0
480291204006,house_self_emp_no,425.0
480291204004,house_self_emp_no,315.0
480291710005,house_self_emp_no,221.0
480291710003,house_self_emp_no,361.0
480291717005,house_self_emp_no,309.0
480291213004,house_self_emp_no,468.0
480291215012,house_self_emp_no,693.0
480291215073,house_self_emp_no,282.0
480291312001,house_self_emp_no,613.0
480291404003,house_self_emp_no,297.0
480291101001,house_self_emp_no,419.0
480291209023,house_self_emp_no,723.0
480291214032,house_self_emp_no,361.0
480291216041,house_self_emp_no,1429.0
480291216044,house_self_emp_no,573.0
480291207023,house_self_emp_no,477.0
480291213002,house_self_emp_no,343.0
480291703001,house_self_emp_no,371.0
480291704022,house_self_emp_no,286.0
480291704023,house_self_emp_no,380.0
480291706002,house_self_emp_no,304.0
480291707001,house_self_emp_no,290.0
480291212041,house_self_emp_no,836.0
480291212045,house_self_emp_no,871.0
480291416001,house_self_emp_no,670.0
480291215051,house_self_emp_no,843.0
480291403001,house_self_emp_no,353.0
480291701013,house_self_emp_no,352.0
480291718021,house_self_emp_no,316.0
480291718024,house_self_emp_no,443.0
480291507005,house_self_emp_no,356.0
480291507002,house_self_emp_no,433.0
480291507004,house_self_emp_no,440.0
480291601002,house_self_emp_no,365.0
480291813021,house_self_emp_no,1140.0
480291815063,house_self_emp_no,1011.0
480291809024,house_self_emp_no,466.0
480291810032,house_self_emp_no,571.0
480291810053,house_self_emp_no,587.0
480291817152,house_self_emp_no,420.0
480291203001,house_self_emp_no,544.0
480291205011,house_self_emp_no,252.0
480291205016,house_self_emp_no,295.0
480291205017,house_self_emp_no,266.0
480291211151,house_self_emp_no,519.0
480291211173,house_self_emp_no,624.0
480291815031,house_self_emp_no,1163.0
480291215082,house_self_emp_no,575.0
480291914054,house_self_emp_no,357.0
480291709002,house_self_emp_no,522.0
480291615012,house_self_emp_no,185.0
480291615014,house_self_emp_no,417.0
480291701023,house_self_emp_no,526.0
480291711002,house_self_emp_no,507.0
480291807024,house_self_emp_no,398.0
480291807021,house_self_emp_no,858.0
480291809013,house_self_emp_no,484.0
480291108003,house_self_emp_no,200.0
480291211163,house_self_emp_no,500.0
480291212034,house_self_emp_no,357.0
480291212033,house_self_emp_no,296.0
480291817181,house_self_emp_no,681.0
480291902005,house_self_emp_no,427.0
480291902002,house_self_emp_no,202.0
480291802024,house_self_emp_no,292.0
480291802022,house_self_emp_no,628.0
480291805014,house_self_emp_no,483.0
480291808003,house_self_emp_no,237.0
480291708001,house_self_emp_no,173.0
480291106001,house_self_emp_no,173.0
480291510002,house_self_emp_no,289.0
480291510003,house_self_emp_no,306.0
480291607021,house_self_emp_no,357.0
480291607022,house_self_emp_no,690.0
480291215083,house_self_emp_no,236.0
480291216011,house_self_emp_no,592.0
480291218022,house_self_emp_no,836.0
480291303004,house_self_emp_no,299.0
480291303003,house_self_emp_no,163.0
480291909014,house_self_emp_no,210.0
480291809011,house_self_emp_no,215.0
480291815043,house_self_emp_no,109.0
480291816011,house_self_emp_no,217.0
480291818093,house_self_emp_no,334.0
480291821011,house_self_emp_no,915.0
480291906012,house_self_emp_no,370.0
480291910042,house_self_emp_no,563.0
480291212052,house_self_emp_no,460.0
480291212064,house_self_emp_no,279.0
480291212066,house_self_emp_no,428.0
480291602001,house_self_emp_no,307.0
480291817131,house_self_emp_no,675.0
480291815052,house_self_emp_no,417.0
480291817041,house_self_emp_no,448.0
480291817043,house_self_emp_no,563.0
480291907001,house_self_emp_no,391.0
480291812003,house_self_emp_no,425.0
480291511006,house_self_emp_no,83.0
480291514003,house_self_emp_no,429.0
480291909022,house_self_emp_no,401.0
480291810011,house_self_emp_no,606.0
480291821031,house_self_emp_no,789.0
480291901001,house_self_emp_no,217.0
480291817033,house_self_emp_no,830.0
480291803004,house_self_emp_no,300.0
480291313003,house_self_emp_no,765.0
480291313002,house_self_emp_no,446.0
480291103001,house_self_emp_no,826.0
480291206007,house_self_emp_no,495.0
480291206004,house_self_emp_no,649.0
480291206001,house_self_emp_no,482.0
480291517005,house_self_emp_no,435.0
480291517004,house_self_emp_no,133.0
480291719031,house_self_emp_no,580.0
480291717002,house_self_emp_no,273.0
480291719033,house_self_emp_no,378.0
480291509004,house_self_emp_no,330.0
480291509003,house_self_emp_no,492.0
480291705001,house_self_emp_no,473.0
480291805041,house_self_emp_no,440.0
480291205022,house_self_emp_no,146.0
480291205021,house_self_emp_no,390.0
480291207014,house_self_emp_no,317.0
480291302001,house_self_emp_no,301.0
480291410001,house_self_emp_no,144.0
480291516005,house_self_emp_no,186.0
480291516003,house_self_emp_no,635.0
480291817053,house_self_emp_no,838.0
480291606002,house_self_emp_no,434.0
480291419001,house_self_emp_no,473.0
480291515001,house_self_emp_no,208.0
480291603001,house_self_emp_no,321.0
480291603004,house_self_emp_no,325.0
480291613021,house_self_emp_no,887.0
480291804002,house_self_emp_no,585.0
480291807011,house_self_emp_no,377.0
480291811001,house_self_emp_no,513.0
480291211082,house_self_emp_no,649.0
480291203004,house_self_emp_no,311.0
480291203006,house_self_emp_no,308.0
480291506002,house_self_emp_no,347.0
480291506001,house_self_emp_no,259.0
480291511002,house_self_emp_no,464.0
480291105001,house_self_emp_no,745.0
480291210002,house_self_emp_no,253.0
480291210001,house_self_emp_no,157.0
480291211101,house_self_emp_no,647.0
480291215063,house_self_emp_no,337.0
480291315033,house_self_emp_no,435.0
480291315043,house_self_emp_no,690.0
480291315061,house_self_emp_no,437.0
480291315072,house_self_emp_no,259.0
480291316062,house_self_emp_no,855.0
480291316091,house_self_emp_no,625.0
480291316101,house_self_emp_no,694.0
480291316121,house_self_emp_no,583.0
480291316141,house_self_emp_no,997.0
480291316152,house_self_emp_no,688.0
480291318011,house_self_emp_no,399.0
480291318022,house_self_emp_no,175.0
480291411012,house_self_emp_no,349.0
480291522022,house_self_emp_no,293.0
480291411022,house_self_emp_no,182.0
480291414031,house_self_emp_no,560.0
480291414042,house_self_emp_no,515.0
480291605013,house_self_emp_no,272.0
480291605023,house_self_emp_no,266.0
480291609012,house_self_emp_no,285.0
480291609022,house_self_emp_no,399.0
480291613031,house_self_emp_no,498.0
480291613042,house_self_emp_no,446.0
480291615032,house_self_emp_no,349.0
480291615042,house_self_emp_no,630.0
480291618021,house_self_emp_no,1332.0
480291619021,house_self_emp_no,375.0
480291620031,house_self_emp_no,568.0
480291620041,house_self_emp_no,248.0
480291713012,house_self_emp_no,544.0
480291716012,house_self_emp_no,232.0
480291716022,house_self_emp_no,256.0
480291719122,house_self_emp_no,538.0
480291719141,house_self_emp_no,367.0
480291719151,house_self_emp_no,609.0
480291719163,house_self_emp_no,911.0
480291719181,house_self_emp_no,519.0
480291215044,house_self_emp_no,911.0
480291215064,house_self_emp_no,277.0
480291216061,house_self_emp_no,200.0
480291216064,house_self_emp_no,261.0
480291217013,house_self_emp_no,196.0
480291217022,house_self_emp_no,461.0
480291218082,house_self_emp_no,698.0
480291218093,house_self_emp_no,567.0
480291218111,house_self_emp_no,1236.0
480291218122,house_self_emp_no,253.0
480291218131,house_self_emp_no,479.0
480291219041,house_self_emp_no,305.0
480291219052,house_self_emp_no,1429.0
480291219071,house_self_emp_no,455.0
480291211085,house_self_emp_no,522.0
480291211191,house_self_emp_no,337.0
480291211201,house_self_emp_no,1008.0
480291207013,house_self_emp_no,526.0
480291215043,house_self_emp_no,586.0
480291503002,house_self_emp_no,344.0
480291418003,house_self_emp_no,603.0
480291508001,house_self_emp_no,439.0
480291712001,house_self_emp_no,333.0
480291712002,house_self_emp_no,298.0
480291512004,house_self_emp_no,242.0
480291904002,house_self_emp_no,364.0
480291817121,house_self_emp_no,726.0
480291816024,house_self_emp_no,594.0
480291816022,house_self_emp_no,481.0
480291314022,house_self_emp_no,580.0
480291719183,house_self_emp_no,455.0
480291719201,house_self_emp_no,691.0
480291719212,house_self_emp_no,437.0
480291719231,house_self_emp_no,387.0
480291719234,house_self_emp_no,1503.0
480291719251,house_self_emp_no,253.0
480291719253,house_self_emp_no,944.0
480291720023,house_self_emp_no,1153.0
480291720041,house_self_emp_no,1239.0
480291720061,house_self_emp_no,1003.0
480291720071,house_self_emp_no,1087.0
480291801011,house_self_emp_no,395.0
480291714011,house_self_emp_no,460.0
480291714022,house_self_emp_no,313.0
480291715012,house_self_emp_no,314.0
480291715023,house_self_emp_no,463.0
480291917011,house_self_emp_no,225.0
480291917022,house_self_emp_no,387.0
480291918043,house_self_emp_no,614.0
480291918111,house_self_emp_no,1219.0
480291918063,house_self_emp_no,1550.0
480291918081,house_self_emp_no,677.0
480291918092,house_self_emp_no,726.0
480291918131,house_self_emp_no,1378.0
480291817252,house_self_emp_no,922.0
480291817263,house_self_emp_no,913.0
480291817281,house_self_emp_no,2074.0
480291817301,house_self_emp_no,481.0
480291817312,house_self_emp_no,697.0
480291818112,house_self_emp_no,250.0
480291818132,house_self_emp_no,994.0
480291818142,house_self_emp_no,1162.0
480291818161,house_self_emp_no,365.0
480291818172,house_self_emp_no,446.0
480291818183,house_self_emp_no,696.0
480291818201,house_self_emp_no,111.0
480291818212,house_self_emp_no,863.0
480291818223,house_self_emp_no,840.0
480291905032,house_self_emp_no,455.0
480291905042,house_self_emp_no,426.0
480291906041,house_self_emp_no,324.0
480291910051,house_self_emp_no,280.0
480291910062,house_self_emp_no,348.0
480291801013,house_self_emp_no,201.0
480291801016,house_self_emp_no,179.0
480291806031,house_self_emp_no,585.0
480291806043,house_self_emp_no,301.0
480291807026,house_self_emp_no,723.0
480291814031,house_self_emp_no,1151.0
480291814041,house_self_emp_no,2028.0
480291815044,house_self_emp_no,813.0
480291817154,house_self_emp_no,744.0
480291820022,house_self_emp_no,246.0
480291820031,house_self_emp_no,798.0
480291821013,house_self_emp_no,857.0
480291821051,house_self_emp_no,692.0
480291910065,house_self_emp_no,300.0
480291912013,house_self_emp_no,95.0
480291918141,house_self_emp_no,661.0
480291918152,house_self_emp_no,696.0
480291918171,house_self_emp_no,3138.0
480291919002,house_self_emp_no,419.0
480291919005,house_self_emp_no,313.0
480291920003,house_self_emp_no,631.0
480291921001,house_self_emp_no,578.0
480291922002,house_self_emp_no,305.0
