block_group,household_wage_sal,count_household_wage_sal
480291805031,house_wage_sal_yes,203.0
480291805032,house_wage_sal_yes,422.0
480291704013,house_wage_sal_yes,272.0
480291704012,house_wage_sal_yes,120.0
480291914061,house_wage_sal_yes,904.0
480291914092,house_wage_sal_yes,1262.0
480291212042,house_wage_sal_yes,662.0
480291215081,house_wage_sal_yes,337.0
480291914051,house_wage_sal_yes,941.0
480291914052,house_wage_sal_yes,649.0
480291914053,house_wage_sal_yes,459.0
480291914055,house_wage_sal_yes,271.0
480291709001,house_wage_sal_yes,327.0
480291709003,house_wage_sal_yes,198.0
480291610002,house_wage_sal_yes,399.0
480291610001,house_wage_sal_yes,410.0
480291615015,house_wage_sal_yes,419.0
480291615011,house_wage_sal_yes,937.0
480291615013,house_wage_sal_yes,316.0
480291711001,house_wage_sal_yes,343.0
480291620011,house_wage_sal_yes,438.0
480291701022,house_wage_sal_yes,192.0
480291701021,house_wage_sal_yes,186.0
480291807022,house_wage_sal_yes,284.0
480291807023,house_wage_sal_yes,133.0
480291807025,house_wage_sal_yes,107.0
480291809012,house_wage_sal_yes,267.0
480291809015,house_wage_sal_yes,230.0
480291106003,house_wage_sal_yes,30.0
480291108002,house_wage_sal_yes,163.0
480291108001,house_wage_sal_yes,247.0
480291208004,house_wage_sal_yes,232.0
480291208006,house_wage_sal_yes,307.0
480291208001,house_wage_sal_yes,179.0
480291208002,house_wage_sal_yes,272.0
480291208005,house_wage_sal_yes,222.0
480291208007,house_wage_sal_yes,262.0
480291208003,house_wage_sal_yes,408.0
480291211113,house_wage_sal_yes,475.0
480291211111,house_wage_sal_yes,344.0
480291211112,house_wage_sal_yes,602.0
480291211114,house_wage_sal_yes,569.0
480291211161,house_wage_sal_yes,653.0
480291211164,house_wage_sal_yes,489.0
480291211162,house_wage_sal_yes,106.0
480291211181,house_wage_sal_yes,519.0
480291211182,house_wage_sal_yes,1046.0
480291212031,house_wage_sal_yes,206.0
480291212032,house_wage_sal_yes,377.0
480291212051,house_wage_sal_yes,788.0
480291817182,house_wage_sal_yes,508.0
480291818111,house_wage_sal_yes,984.0
480291902003,house_wage_sal_yes,414.0
480291902004,house_wage_sal_yes,267.0
480291902001,house_wage_sal_yes,200.0
480291802021,house_wage_sal_yes,321.0
480291802023,house_wage_sal_yes,415.0
480291805013,house_wage_sal_yes,270.0
480291805012,house_wage_sal_yes,157.0
480291805011,house_wage_sal_yes,458.0
480291808002,house_wage_sal_yes,363.0
480291808001,house_wage_sal_yes,334.0
480291708002,house_wage_sal_yes,176.0
480291106002,house_wage_sal_yes,329.0
480291504001,house_wage_sal_yes,115.0
480291504002,house_wage_sal_yes,156.0
480291510001,house_wage_sal_yes,265.0
480291521002,house_wage_sal_yes,235.0
480291521001,house_wage_sal_yes,269.0
480291607024,house_wage_sal_yes,254.0
480291607023,house_wage_sal_yes,370.0
480291616002,house_wage_sal_yes,592.0
480291616001,house_wage_sal_yes,403.0
480291216012,house_wage_sal_yes,430.0
480291216013,house_wage_sal_yes,391.0
480291216014,house_wage_sal_yes,320.0
480291218021,house_wage_sal_yes,743.0
480291218023,house_wage_sal_yes,841.0
480291303002,house_wage_sal_yes,209.0
480291303001,house_wage_sal_yes,138.0
480291307002,house_wage_sal_yes,245.0
480291307001,house_wage_sal_yes,319.0
480291702004,house_wage_sal_yes,152.0
480291702006,house_wage_sal_yes,183.0
480291702002,house_wage_sal_yes,197.0
480291702005,house_wage_sal_yes,104.0
480291702001,house_wage_sal_yes,197.0
480291316011,house_wage_sal_yes,177.0
480291317001,house_wage_sal_yes,275.0
480291412004,house_wage_sal_yes,143.0
480291412001,house_wage_sal_yes,425.0
480291412005,house_wage_sal_yes,336.0
480291412002,house_wage_sal_yes,292.0
480291501003,house_wage_sal_yes,217.0
480291309002,house_wage_sal_yes,262.0
480291309003,house_wage_sal_yes,386.0
480291310003,house_wage_sal_yes,197.0
480291310004,house_wage_sal_yes,162.0
480291310001,house_wage_sal_yes,536.0
480291310002,house_wage_sal_yes,167.0
480291405003,house_wage_sal_yes,333.0
480291405002,house_wage_sal_yes,415.0
480291405001,house_wage_sal_yes,207.0
480291405004,house_wage_sal_yes,176.0
480291406002,house_wage_sal_yes,178.0
480291406001,house_wage_sal_yes,424.0
480291407003,house_wage_sal_yes,150.0
480291407001,house_wage_sal_yes,339.0
480291407004,house_wage_sal_yes,196.0
480291407005,house_wage_sal_yes,290.0
480291413001,house_wage_sal_yes,294.0
480291413003,house_wage_sal_yes,853.0
480291702003,house_wage_sal_yes,277.0
480291806023,house_wage_sal_yes,214.0
480291806021,house_wage_sal_yes,236.0
480291911021,house_wage_sal_yes,174.0
480291911022,house_wage_sal_yes,220.0
480291911023,house_wage_sal_yes,287.0
480291209012,house_wage_sal_yes,436.0
480291209011,house_wage_sal_yes,250.0
480291211122,house_wage_sal_yes,487.0
480291519001,house_wage_sal_yes,412.0
480291409002,house_wage_sal_yes,238.0
480291417001,house_wage_sal_yes,639.0
480291417002,house_wage_sal_yes,591.0
480291505012,house_wage_sal_yes,287.0
480291505014,house_wage_sal_yes,180.0
480291604002,house_wage_sal_yes,421.0
480291604004,house_wage_sal_yes,159.0
480291604001,house_wage_sal_yes,198.0
480291604003,house_wage_sal_yes,201.0
480291611005,house_wage_sal_yes,268.0
480291611006,house_wage_sal_yes,133.0
480291611001,house_wage_sal_yes,753.0
480291611004,house_wage_sal_yes,366.0
480291611003,house_wage_sal_yes,233.0
480291611002,house_wage_sal_yes,293.0
480291813012,house_wage_sal_yes,589.0
480291813011,house_wage_sal_yes,1088.0
480291814021,house_wage_sal_yes,307.0
480291814022,house_wage_sal_yes,520.0
480291109001,house_wage_sal_yes,781.0
480291110003,house_wage_sal_yes,467.0
480291110002,house_wage_sal_yes,213.0
480291204001,house_wage_sal_yes,430.0
480291204005,house_wage_sal_yes,370.0
480291710004,house_wage_sal_yes,327.0
480291204003,house_wage_sal_yes,222.0
480291207021,house_wage_sal_yes,984.0
480291704014,house_wage_sal_yes,210.0
480291710001,house_wage_sal_yes,218.0
480291710002,house_wage_sal_yes,121.0
480291717001,house_wage_sal_yes,585.0
480291717003,house_wage_sal_yes,169.0
480291215013,house_wage_sal_yes,781.0
480291215011,house_wage_sal_yes,496.0
480291215074,house_wage_sal_yes,265.0
480291215071,house_wage_sal_yes,209.0
480291215072,house_wage_sal_yes,312.0
480291312002,house_wage_sal_yes,360.0
480291401002,house_wage_sal_yes,174.0
480291401001,house_wage_sal_yes,198.0
480291404004,house_wage_sal_yes,108.0
480291101002,house_wage_sal_yes,340.0
480291209022,house_wage_sal_yes,581.0
480291209021,house_wage_sal_yes,825.0
480291214033,house_wage_sal_yes,653.0
480291214031,house_wage_sal_yes,508.0
480291216042,house_wage_sal_yes,265.0
480291216043,house_wage_sal_yes,268.0
480291306004,house_wage_sal_yes,220.0
480291207022,house_wage_sal_yes,205.0
480291213003,house_wage_sal_yes,153.0
480291213001,house_wage_sal_yes,783.0
480291703004,house_wage_sal_yes,133.0
480291703002,house_wage_sal_yes,59.0
480291703006,house_wage_sal_yes,172.0
480291703005,house_wage_sal_yes,291.0
480291703003,house_wage_sal_yes,139.0
480291704024,house_wage_sal_yes,130.0
480291704021,house_wage_sal_yes,406.0
480291706001,house_wage_sal_yes,263.0
480291706004,house_wage_sal_yes,287.0
480291706003,house_wage_sal_yes,278.0
480291707003,house_wage_sal_yes,389.0
480291707002,house_wage_sal_yes,222.0
480291212044,house_wage_sal_yes,414.0
480291212043,house_wage_sal_yes,444.0
480291404001,house_wage_sal_yes,211.0
480291404002,house_wage_sal_yes,321.0
480291504003,house_wage_sal_yes,624.0
480291215052,house_wage_sal_yes,133.0
480291403002,house_wage_sal_yes,243.0
480291403003,house_wage_sal_yes,258.0
480291520001,house_wage_sal_yes,636.0
480291701011,house_wage_sal_yes,158.0
480291701012,house_wage_sal_yes,356.0
480291718022,house_wage_sal_yes,281.0
480291718025,house_wage_sal_yes,149.0
480291718023,house_wage_sal_yes,339.0
480291408004,house_wage_sal_yes,170.0
480291408001,house_wage_sal_yes,328.0
480291408005,house_wage_sal_yes,280.0
480291408003,house_wage_sal_yes,153.0
480291408002,house_wage_sal_yes,325.0
480291505023,house_wage_sal_yes,207.0
480291505022,house_wage_sal_yes,270.0
480291505021,house_wage_sal_yes,235.0
480291507006,house_wage_sal_yes,67.0
480291507001,house_wage_sal_yes,184.0
480291507003,house_wage_sal_yes,252.0
480291601004,house_wage_sal_yes,503.0
480291601003,house_wage_sal_yes,281.0
480291601001,house_wage_sal_yes,273.0
480291813023,house_wage_sal_yes,569.0
480291809021,house_wage_sal_yes,263.0
480291809023,house_wage_sal_yes,323.0
480291809022,house_wage_sal_yes,401.0
480291809025,house_wage_sal_yes,450.0
480291810031,house_wage_sal_yes,707.0
480291810051,house_wage_sal_yes,593.0
480291810052,house_wage_sal_yes,228.0
480291815061,house_wage_sal_yes,174.0
480291815062,house_wage_sal_yes,312.0
480291817151,house_wage_sal_yes,322.0
480291203002,house_wage_sal_yes,251.0
480291203003,house_wage_sal_yes,494.0
480291203005,house_wage_sal_yes,261.0
480291205013,house_wage_sal_yes,314.0
480291205015,house_wage_sal_yes,284.0
480291205012,house_wage_sal_yes,464.0
480291205014,house_wage_sal_yes,356.0
480291211152,house_wage_sal_yes,684.0
480291211153,house_wage_sal_yes,478.0
480291211172,house_wage_sal_yes,393.0
480291211171,house_wage_sal_yes,610.0
480291720021,house_wage_sal_yes,1255.0
480291817031,house_wage_sal_yes,982.0
480291817032,house_wage_sal_yes,597.0
480291803003,house_wage_sal_yes,228.0
480291803001,house_wage_sal_yes,264.0
480291803002,house_wage_sal_yes,349.0
480291817161,house_wage_sal_yes,832.0
480291910034,house_wage_sal_yes,245.0
480291910035,house_wage_sal_yes,204.0
480291910033,house_wage_sal_yes,236.0
480291910031,house_wage_sal_yes,200.0
480291910032,house_wage_sal_yes,1263.0
480291214041,house_wage_sal_yes,417.0
480291214042,house_wage_sal_yes,421.0
480291214043,house_wage_sal_yes,336.0
480291313001,house_wage_sal_yes,299.0
480291313004,house_wage_sal_yes,178.0
480291316061,house_wage_sal_yes,606.0
480291103003,house_wage_sal_yes,146.0
480291103002,house_wage_sal_yes,319.0
480291201001,house_wage_sal_yes,902.0
480291206002,house_wage_sal_yes,320.0
480291206003,house_wage_sal_yes,366.0
480291206006,house_wage_sal_yes,156.0
480291206005,house_wage_sal_yes,314.0
480291517003,house_wage_sal_yes,314.0
480291517002,house_wage_sal_yes,327.0
480291517001,house_wage_sal_yes,397.0
480291607013,house_wage_sal_yes,185.0
480291306001,house_wage_sal_yes,206.0
480291306003,house_wage_sal_yes,236.0
480291306002,house_wage_sal_yes,172.0
480291402003,house_wage_sal_yes,156.0
480291402002,house_wage_sal_yes,154.0
480291402001,house_wage_sal_yes,156.0
480291402004,house_wage_sal_yes,166.0
480291309001,house_wage_sal_yes,601.0
480291717004,house_wage_sal_yes,314.0
480291719035,house_wage_sal_yes,269.0
480291717006,house_wage_sal_yes,253.0
480291719032,house_wage_sal_yes,239.0
480291719034,house_wage_sal_yes,189.0
480291509002,house_wage_sal_yes,143.0
480291509001,house_wage_sal_yes,326.0
480291509005,house_wage_sal_yes,340.0
480291705003,house_wage_sal_yes,267.0
480291705004,house_wage_sal_yes,226.0
480291705002,house_wage_sal_yes,372.0
480291805042,house_wage_sal_yes,513.0
480291205025,house_wage_sal_yes,268.0
480291205023,house_wage_sal_yes,164.0
480291205026,house_wage_sal_yes,204.0
480291205024,house_wage_sal_yes,146.0
480291207012,house_wage_sal_yes,255.0
480291207011,house_wage_sal_yes,276.0
480291302002,house_wage_sal_yes,133.0
480291410003,house_wage_sal_yes,388.0
480291410002,house_wage_sal_yes,403.0
480291516001,house_wage_sal_yes,657.0
480291516004,house_wage_sal_yes,292.0
480291516002,house_wage_sal_yes,167.0
480291817051,house_wage_sal_yes,636.0
480291817052,house_wage_sal_yes,484.0
480291512002,house_wage_sal_yes,864.0
480291606001,house_wage_sal_yes,294.0
480291606003,house_wage_sal_yes,433.0
480291419003,house_wage_sal_yes,297.0
480291419002,house_wage_sal_yes,490.0
480291515003,house_wage_sal_yes,241.0
480291515002,house_wage_sal_yes,196.0
480291603003,house_wage_sal_yes,154.0
480291603002,house_wage_sal_yes,215.0
480291603005,house_wage_sal_yes,295.0
480291612001,house_wage_sal_yes,178.0
480291612002,house_wage_sal_yes,444.0
480291804003,house_wage_sal_yes,148.0
480291804001,house_wage_sal_yes,480.0
480291807012,house_wage_sal_yes,1131.0
480291811004,house_wage_sal_yes,270.0
480291811002,house_wage_sal_yes,294.0
480291811003,house_wage_sal_yes,651.0
480291909015,house_wage_sal_yes,303.0
480291909013,house_wage_sal_yes,203.0
480291809014,house_wage_sal_yes,252.0
480291813031,house_wage_sal_yes,531.0
480291815041,house_wage_sal_yes,609.0
480291815042,house_wage_sal_yes,1086.0
480291816012,house_wage_sal_yes,564.0
480291906011,house_wage_sal_yes,367.0
480291818091,house_wage_sal_yes,322.0
480291818092,house_wage_sal_yes,715.0
480291818094,house_wage_sal_yes,419.0
480291906013,house_wage_sal_yes,196.0
480291910041,house_wage_sal_yes,360.0
480291910043,house_wage_sal_yes,204.0
480291813022,house_wage_sal_yes,938.0
480291212063,house_wage_sal_yes,165.0
480291212061,house_wage_sal_yes,329.0
480291212065,house_wage_sal_yes,509.0
480291212062,house_wage_sal_yes,319.0
480291214022,house_wage_sal_yes,284.0
480291214021,house_wage_sal_yes,1396.0
480291218031,house_wage_sal_yes,450.0
480291218032,house_wage_sal_yes,178.0
480291218033,house_wage_sal_yes,676.0
480291218041,house_wage_sal_yes,553.0
480291218042,house_wage_sal_yes,733.0
480291218043,house_wage_sal_yes,356.0
480291308001,house_wage_sal_yes,817.0
480291308004,house_wage_sal_yes,268.0
480291308002,house_wage_sal_yes,227.0
480291308003,house_wage_sal_yes,89.0
480291311003,house_wage_sal_yes,194.0
480291311002,house_wage_sal_yes,130.0
480291602002,house_wage_sal_yes,252.0
480291817134,house_wage_sal_yes,441.0
480291817132,house_wage_sal_yes,433.0
480291817133,house_wage_sal_yes,537.0
480291815054,house_wage_sal_yes,356.0
480291815053,house_wage_sal_yes,261.0
480291815051,house_wage_sal_yes,238.0
480291817042,house_wage_sal_yes,295.0
480291817044,house_wage_sal_yes,241.0
480291817111,house_wage_sal_yes,741.0
480291907002,house_wage_sal_yes,244.0
480291907003,house_wage_sal_yes,405.0
480291607011,house_wage_sal_yes,286.0
480291607012,house_wage_sal_yes,285.0
480291718011,house_wage_sal_yes,281.0
480291718013,house_wage_sal_yes,399.0
480291718014,house_wage_sal_yes,234.0
480291718012,house_wage_sal_yes,380.0
480291802013,house_wage_sal_yes,538.0
480291802012,house_wage_sal_yes,206.0
480291802014,house_wage_sal_yes,372.0
480291802011,house_wage_sal_yes,142.0
480291812001,house_wage_sal_yes,172.0
480291812004,house_wage_sal_yes,512.0
480291812002,house_wage_sal_yes,224.0
480291812005,house_wage_sal_yes,274.0
480291514004,house_wage_sal_yes,196.0
480291511003,house_wage_sal_yes,139.0
480291511001,house_wage_sal_yes,118.0
480291514001,house_wage_sal_yes,172.0
480291514002,house_wage_sal_yes,267.0
480291905012,house_wage_sal_yes,342.0
480291905013,house_wage_sal_yes,242.0
480291905011,house_wage_sal_yes,282.0
480291908001,house_wage_sal_yes,303.0
480291908002,house_wage_sal_yes,292.0
480291909011,house_wage_sal_yes,371.0
480291909012,house_wage_sal_yes,607.0
480291909021,house_wage_sal_yes,516.0
480291909023,house_wage_sal_yes,219.0
480291810012,house_wage_sal_yes,595.0
480291810042,house_wage_sal_yes,1352.0
480291810041,house_wage_sal_yes,877.0
480291901004,house_wage_sal_yes,211.0
480291901003,house_wage_sal_yes,243.0
480291901002,house_wage_sal_yes,180.0
480291719021,house_wage_sal_yes,1025.0
480291311001,house_wage_sal_yes,108.0
480291203008,house_wage_sal_yes,165.0
480291203007,house_wage_sal_yes,151.0
480291501001,house_wage_sal_yes,551.0
480291501004,house_wage_sal_yes,348.0
480291506004,house_wage_sal_yes,233.0
480291506003,house_wage_sal_yes,197.0
480291511007,house_wage_sal_yes,281.0
480291511005,house_wage_sal_yes,190.0
480291511004,house_wage_sal_yes,303.0
480291918042,house_wage_sal_yes,825.0
480291918041,house_wage_sal_yes,422.0
480291210004,house_wage_sal_yes,361.0
480291210003,house_wage_sal_yes,666.0
480291210005,house_wage_sal_yes,391.0
480291210006,house_wage_sal_yes,307.0
480291211102,house_wage_sal_yes,398.0
480291215062,house_wage_sal_yes,217.0
480291215061,house_wage_sal_yes,243.0
480291305001,house_wage_sal_yes,158.0
480291305003,house_wage_sal_yes,414.0
480291305002,house_wage_sal_yes,235.0
480291305004,house_wage_sal_yes,222.0
480291904003,house_wage_sal_yes,276.0
480291211081,house_wage_sal_yes,303.0
480291211083,house_wage_sal_yes,961.0
480291211084,house_wage_sal_yes,372.0
480291207015,house_wage_sal_yes,385.0
480291215042,house_wage_sal_yes,132.0
480291215041,house_wage_sal_yes,486.0
480291503001,house_wage_sal_yes,140.0
480291503004,house_wage_sal_yes,361.0
480291503003,house_wage_sal_yes,193.0
480291602003,house_wage_sal_yes,215.0
480291508002,house_wage_sal_yes,155.0
480291508003,house_wage_sal_yes,204.0
480291712003,house_wage_sal_yes,340.0
480291418001,house_wage_sal_yes,168.0
480291418002,house_wage_sal_yes,88.0
480291512005,house_wage_sal_yes,1046.0
480291512003,house_wage_sal_yes,196.0
480291512001,house_wage_sal_yes,281.0
480291107001,house_wage_sal_yes,250.0
480291904001,house_wage_sal_yes,246.0
480291719121,house_wage_sal_yes,1522.0
480291817122,house_wage_sal_yes,393.0
480291816023,house_wage_sal_yes,356.0
480291816021,house_wage_sal_yes,207.0
480291818081,house_wage_sal_yes,520.0
480291821021,house_wage_sal_yes,390.0
480291911011,house_wage_sal_yes,235.0
480291911012,house_wage_sal_yes,280.0
480291219082,house_wage_sal_yes,555.0
480291219091,house_wage_sal_yes,1190.0
480291219092,house_wage_sal_yes,1221.0
480291219101,house_wage_sal_yes,1550.0
480291219102,house_wage_sal_yes,293.0
480291304011,house_wage_sal_yes,149.0
480291304012,house_wage_sal_yes,235.0
480291304013,house_wage_sal_yes,326.0
480291304014,house_wage_sal_yes,153.0
480291304021,house_wage_sal_yes,224.0
480291304022,house_wage_sal_yes,367.0
480291304023,house_wage_sal_yes,257.0
480291314011,house_wage_sal_yes,1578.0
480291314012,house_wage_sal_yes,929.0
480291314021,house_wage_sal_yes,202.0
480291719182,house_wage_sal_yes,434.0
480291719184,house_wage_sal_yes,457.0
480291719191,house_wage_sal_yes,1219.0
480291719202,house_wage_sal_yes,1236.0
480291719211,house_wage_sal_yes,645.0
480291719213,house_wage_sal_yes,299.0
480291719221,house_wage_sal_yes,888.0
480291719232,house_wage_sal_yes,382.0
480291719233,house_wage_sal_yes,847.0
480291719241,house_wage_sal_yes,1986.0
480291720022,house_wage_sal_yes,1619.0
480291719242,house_wage_sal_yes,635.0
480291719252,house_wage_sal_yes,718.0
480291719254,house_wage_sal_yes,846.0
480291720031,house_wage_sal_yes,871.0
480291720032,house_wage_sal_yes,778.0
480291720051,house_wage_sal_yes,1287.0
480291720052,house_wage_sal_yes,1698.0
480291720062,house_wage_sal_yes,564.0
480291720063,house_wage_sal_yes,493.0
480291720072,house_wage_sal_yes,601.0
480291720073,house_wage_sal_yes,1018.0
480291801012,house_wage_sal_yes,377.0
480291315031,house_wage_sal_yes,194.0
480291315032,house_wage_sal_yes,257.0
480291315041,house_wage_sal_yes,336.0
480291315042,house_wage_sal_yes,205.0
480291315051,house_wage_sal_yes,570.0
480291315052,house_wage_sal_yes,539.0
480291315062,house_wage_sal_yes,637.0
480291316081,house_wage_sal_yes,663.0
480291315071,house_wage_sal_yes,698.0
480291315073,house_wage_sal_yes,604.0
480291316012,house_wage_sal_yes,748.0
480291316082,house_wage_sal_yes,830.0
480291316092,house_wage_sal_yes,543.0
480291316093,house_wage_sal_yes,750.0
480291316102,house_wage_sal_yes,565.0
480291316111,house_wage_sal_yes,248.0
480291316131,house_wage_sal_yes,421.0
480291316132,house_wage_sal_yes,741.0
480291316142,house_wage_sal_yes,142.0
480291316151,house_wage_sal_yes,1049.0
480291316153,house_wage_sal_yes,382.0
480291316154,house_wage_sal_yes,371.0
480291318012,house_wage_sal_yes,164.0
480291318021,house_wage_sal_yes,454.0
480291318023,house_wage_sal_yes,472.0
480291411011,house_wage_sal_yes,232.0
480291411013,house_wage_sal_yes,363.0
480291411021,house_wage_sal_yes,233.0
480291411023,house_wage_sal_yes,404.0
480291414022,house_wage_sal_yes,459.0
480291414032,house_wage_sal_yes,834.0
480291414041,house_wage_sal_yes,558.0
480291414043,house_wage_sal_yes,217.0
480291416002,house_wage_sal_yes,433.0
480291513011,house_wage_sal_yes,258.0
480291513012,house_wage_sal_yes,173.0
480291513013,house_wage_sal_yes,275.0
480291513014,house_wage_sal_yes,643.0
480291513021,house_wage_sal_yes,380.0
480291513022,house_wage_sal_yes,338.0
480291521003,house_wage_sal_yes,162.0
480291521004,house_wage_sal_yes,458.0
480291522011,house_wage_sal_yes,567.0
480291522012,house_wage_sal_yes,473.0
480291522013,house_wage_sal_yes,457.0
480291522021,house_wage_sal_yes,727.0
480291605011,house_wage_sal_yes,364.0
480291605012,house_wage_sal_yes,226.0
480291605021,house_wage_sal_yes,93.0
480291609013,house_wage_sal_yes,174.0
480291605022,house_wage_sal_yes,209.0
480291605024,house_wage_sal_yes,238.0
480291609011,house_wage_sal_yes,162.0
480291609021,house_wage_sal_yes,379.0
480291609023,house_wage_sal_yes,259.0
480291613022,house_wage_sal_yes,391.0
480291613032,house_wage_sal_yes,405.0
480291613041,house_wage_sal_yes,401.0
480291614001,house_wage_sal_yes,381.0
480291615031,house_wage_sal_yes,447.0
480291615033,house_wage_sal_yes,154.0
480291615041,house_wage_sal_yes,362.0
480291618011,house_wage_sal_yes,759.0
480291618012,house_wage_sal_yes,238.0
480291618022,house_wage_sal_yes,648.0
480291619011,house_wage_sal_yes,243.0
480291619022,house_wage_sal_yes,575.0
480291619023,house_wage_sal_yes,950.0
480291620032,house_wage_sal_yes,331.0
480291620033,house_wage_sal_yes,184.0
480291620042,house_wage_sal_yes,429.0
480291713011,house_wage_sal_yes,205.0
480291713021,house_wage_sal_yes,159.0
480291713022,house_wage_sal_yes,168.0
480291716011,house_wage_sal_yes,441.0
480291716013,house_wage_sal_yes,338.0
480291716021,house_wage_sal_yes,481.0
480291719022,house_wage_sal_yes,1336.0
480291719023,house_wage_sal_yes,2029.0
480291719131,house_wage_sal_yes,1058.0
480291719132,house_wage_sal_yes,354.0
480291719142,house_wage_sal_yes,571.0
480291719143,house_wage_sal_yes,493.0
480291719161,house_wage_sal_yes,865.0
480291719162,house_wage_sal_yes,422.0
480291719171,house_wage_sal_yes,1103.0
480291719172,house_wage_sal_yes,1364.0
480291215053,house_wage_sal_yes,526.0
480291216051,house_wage_sal_yes,362.0
480291216052,house_wage_sal_yes,168.0
480291216062,house_wage_sal_yes,1019.0
480291216063,house_wage_sal_yes,291.0
480291217011,house_wage_sal_yes,380.0
480291217012,house_wage_sal_yes,207.0
480291217014,house_wage_sal_yes,339.0
480291217021,house_wage_sal_yes,1069.0
480291217023,house_wage_sal_yes,771.0
480291218081,house_wage_sal_yes,178.0
480291218091,house_wage_sal_yes,244.0
480291218092,house_wage_sal_yes,615.0
480291218101,house_wage_sal_yes,868.0
480291218102,house_wage_sal_yes,406.0
480291218112,house_wage_sal_yes,320.0
480291218121,house_wage_sal_yes,953.0
480291219032,house_wage_sal_yes,847.0
480291218123,house_wage_sal_yes,223.0
480291218124,house_wage_sal_yes,115.0
480291219031,house_wage_sal_yes,841.0
480291219042,house_wage_sal_yes,663.0
480291219051,house_wage_sal_yes,672.0
480291219061,house_wage_sal_yes,756.0
480291219062,house_wage_sal_yes,928.0
480291219072,house_wage_sal_yes,3008.0
480291219081,house_wage_sal_yes,501.0
480291209024,house_wage_sal_yes,510.0
480291211103,house_wage_sal_yes,419.0
480291211183,house_wage_sal_yes,519.0
480291211192,house_wage_sal_yes,1168.0
480291211193,house_wage_sal_yes,548.0
480291211202,house_wage_sal_yes,683.0
480291211211,house_wage_sal_yes,476.0
480291211212,house_wage_sal_yes,349.0
480291211221,house_wage_sal_yes,413.0
480291211222,house_wage_sal_yes,451.0
480291211223,house_wage_sal_yes,715.0
480291215014,house_wage_sal_yes,444.0
480291713023,house_wage_sal_yes,153.0
480291713024,house_wage_sal_yes,165.0
480291714012,house_wage_sal_yes,564.0
480291714021,house_wage_sal_yes,506.0
480291714023,house_wage_sal_yes,475.0
480291715011,house_wage_sal_yes,264.0
480291715021,house_wage_sal_yes,285.0
480291715022,house_wage_sal_yes,149.0
480291715024,house_wage_sal_yes,268.0
480291914121,house_wage_sal_yes,630.0
480291914131,house_wage_sal_yes,899.0
480291914132,house_wage_sal_yes,1159.0
480291915031,house_wage_sal_yes,710.0
480291915032,house_wage_sal_yes,510.0
480291915033,house_wage_sal_yes,397.0
480291915041,house_wage_sal_yes,347.0
480291915042,house_wage_sal_yes,365.0
480291915051,house_wage_sal_yes,255.0
480291915052,house_wage_sal_yes,314.0
480291915061,house_wage_sal_yes,723.0
480291915062,house_wage_sal_yes,865.0
480291915063,house_wage_sal_yes,460.0
480291917012,house_wage_sal_yes,174.0
480291917021,house_wage_sal_yes,1352.0
480291917023,house_wage_sal_yes,328.0
480291917024,house_wage_sal_yes,229.0
480291918061,house_wage_sal_yes,279.0
480291918062,house_wage_sal_yes,470.0
480291918071,house_wage_sal_yes,1143.0
480291918072,house_wage_sal_yes,975.0
480291918082,house_wage_sal_yes,585.0
480291918091,house_wage_sal_yes,1309.0
480291918101,house_wage_sal_yes,817.0
480291918102,house_wage_sal_yes,700.0
480291918121,house_wage_sal_yes,630.0
480291918122,house_wage_sal_yes,356.0
480291918132,house_wage_sal_yes,728.0
480291821062,house_wage_sal_yes,935.0
480291905031,house_wage_sal_yes,405.0
480291905033,house_wage_sal_yes,404.0
480291905041,house_wage_sal_yes,389.0
480291906031,house_wage_sal_yes,351.0
480291906032,house_wage_sal_yes,386.0
480291906042,house_wage_sal_yes,333.0
480291906043,house_wage_sal_yes,313.0
480291910052,house_wage_sal_yes,246.0
480291910061,house_wage_sal_yes,234.0
480291910063,house_wage_sal_yes,539.0
480291801014,house_wage_sal_yes,212.0
480291801015,house_wage_sal_yes,231.0
480291801021,house_wage_sal_yes,205.0
480291806044,house_wage_sal_yes,204.0
480291801022,house_wage_sal_yes,292.0
480291806041,house_wage_sal_yes,511.0
480291806042,house_wage_sal_yes,547.0
480291806045,house_wage_sal_yes,206.0
480291810033,house_wage_sal_yes,1021.0
480291813032,house_wage_sal_yes,597.0
480291814032,house_wage_sal_yes,1011.0
480291814033,house_wage_sal_yes,492.0
480291814042,house_wage_sal_yes,534.0
480291815032,house_wage_sal_yes,1646.0
480291817112,house_wage_sal_yes,649.0
480291817113,house_wage_sal_yes,959.0
480291817153,house_wage_sal_yes,416.0
480291817162,house_wage_sal_yes,434.0
480291817163,house_wage_sal_yes,869.0
480291817164,house_wage_sal_yes,249.0
480291817183,house_wage_sal_yes,548.0
480291817201,house_wage_sal_yes,1003.0
480291817202,house_wage_sal_yes,196.0
480291817211,house_wage_sal_yes,577.0
480291817212,house_wage_sal_yes,420.0
480291817231,house_wage_sal_yes,427.0
480291817221,house_wage_sal_yes,592.0
480291817222,house_wage_sal_yes,325.0
480291817223,house_wage_sal_yes,371.0
480291817232,house_wage_sal_yes,279.0
480291817233,house_wage_sal_yes,530.0
480291817241,house_wage_sal_yes,743.0
480291817242,house_wage_sal_yes,664.0
480291817251,house_wage_sal_yes,974.0
480291817261,house_wage_sal_yes,700.0
480291817262,house_wage_sal_yes,1084.0
480291817271,house_wage_sal_yes,735.0
480291817272,house_wage_sal_yes,252.0
480291817282,house_wage_sal_yes,1267.0
480291817291,house_wage_sal_yes,2512.0
480291817302,house_wage_sal_yes,828.0
480291817311,house_wage_sal_yes,553.0
480291817313,house_wage_sal_yes,606.0
480291817314,house_wage_sal_yes,398.0
480291818131,house_wage_sal_yes,957.0
480291818133,house_wage_sal_yes,982.0
480291818141,house_wage_sal_yes,1683.0
480291818151,house_wage_sal_yes,389.0
480291818152,house_wage_sal_yes,715.0
480291818162,house_wage_sal_yes,902.0
480291818171,house_wage_sal_yes,623.0
480291818181,house_wage_sal_yes,665.0
480291818182,house_wage_sal_yes,431.0
480291818191,house_wage_sal_yes,207.0
480291818192,house_wage_sal_yes,1864.0
480291818202,house_wage_sal_yes,1242.0
480291818211,house_wage_sal_yes,292.0
480291818221,house_wage_sal_yes,359.0
480291818222,house_wage_sal_yes,474.0
480291818231,house_wage_sal_yes,973.0
480291818241,house_wage_sal_yes,392.0
480291912012,house_wage_sal_yes,380.0
480291910064,house_wage_sal_yes,358.0
480291912011,house_wage_sal_yes,331.0
480291912021,house_wage_sal_yes,337.0
480291912022,house_wage_sal_yes,618.0
480291912023,house_wage_sal_yes,93.0
480291912024,house_wage_sal_yes,378.0
480291913031,house_wage_sal_yes,604.0
480291913041,house_wage_sal_yes,275.0
480291913042,house_wage_sal_yes,683.0
480291914062,house_wage_sal_yes,581.0
480291914063,house_wage_sal_yes,488.0
480291914082,house_wage_sal_yes,511.0
480291914101,house_wage_sal_yes,600.0
480291914102,house_wage_sal_yes,1096.0
480291914103,house_wage_sal_yes,842.0
480291914111,house_wage_sal_yes,704.0
480291914112,house_wage_sal_yes,1040.0
480291818242,house_wage_sal_yes,578.0
480291818251,house_wage_sal_yes,691.0
480291818252,house_wage_sal_yes,958.0
480291818261,house_wage_sal_yes,529.0
480291818262,house_wage_sal_yes,611.0
480291818263,house_wage_sal_yes,377.0
480291818264,house_wage_sal_yes,429.0
480291819011,house_wage_sal_yes,717.0
480291819012,house_wage_sal_yes,1146.0
480291819021,house_wage_sal_yes,1689.0
480291819022,house_wage_sal_yes,704.0
480291820011,house_wage_sal_yes,699.0
480291820012,house_wage_sal_yes,857.0
480291820021,house_wage_sal_yes,1410.0
480291820023,house_wage_sal_yes,867.0
480291820032,house_wage_sal_yes,497.0
480291821012,house_wage_sal_yes,478.0
480291821022,house_wage_sal_yes,538.0
480291821023,house_wage_sal_yes,1133.0
480291821061,house_wage_sal_yes,886.0
480291918142,house_wage_sal_yes,621.0
480291918151,house_wage_sal_yes,805.0
480291918161,house_wage_sal_yes,432.0
480291918162,house_wage_sal_yes,380.0
480291918172,house_wage_sal_yes,875.0
480291919001,house_wage_sal_yes,253.0
480291919003,house_wage_sal_yes,177.0
480291919004,house_wage_sal_yes,104.0
480291920001,house_wage_sal_yes,337.0
480291920002,house_wage_sal_yes,574.0
480291920004,house_wage_sal_yes,130.0
480291920005,house_wage_sal_yes,153.0
480291921002,house_wage_sal_yes,397.0
480291922001,house_wage_sal_yes,585.0
480291923001,house_wage_sal_yes,124.0
480291923002,house_wage_sal_yes,931.0
480291923003,house_wage_sal_yes,329.0
480291923004,house_wage_sal_yes,354.0
480299800011,house_wage_sal_yes,0.0
480299800021,house_wage_sal_yes,0.0
480299800031,house_wage_sal_yes,211.0
480299800041,house_wage_sal_yes,0.0
480299800051,house_wage_sal_yes,4.0
480299801001,house_wage_sal_yes,58.0
480291805033,house_wage_sal_yes,445.0
480291704011,house_wage_sal_yes,235.0
480291914081,house_wage_sal_yes,706.0
480291914091,house_wage_sal_yes,1414.0
480291412006,house_wage_sal_yes,308.0
480291412003,house_wage_sal_yes,286.0
480291501002,house_wage_sal_yes,417.0
480291407002,house_wage_sal_yes,234.0
480291413002,house_wage_sal_yes,644.0
480291414021,house_wage_sal_yes,794.0
480291806022,house_wage_sal_yes,384.0
480291101003,house_wage_sal_yes,578.0
480291211121,house_wage_sal_yes,794.0
480291519002,house_wage_sal_yes,1188.0
480291409001,house_wage_sal_yes,222.0
480291505011,house_wage_sal_yes,169.0
480291505013,house_wage_sal_yes,248.0
480291110001,house_wage_sal_yes,229.0
480291204002,house_wage_sal_yes,217.0
480291204006,house_wage_sal_yes,97.0
480291204004,house_wage_sal_yes,287.0
480291710005,house_wage_sal_yes,135.0
480291710003,house_wage_sal_yes,305.0
480291717005,house_wage_sal_yes,219.0
480291213004,house_wage_sal_yes,328.0
480291215012,house_wage_sal_yes,596.0
480291215073,house_wage_sal_yes,241.0
480291312001,house_wage_sal_yes,380.0
480291404003,house_wage_sal_yes,262.0
480291101001,house_wage_sal_yes,347.0
480291209023,house_wage_sal_yes,650.0
480291214032,house_wage_sal_yes,247.0
480291216041,house_wage_sal_yes,1305.0
480291216044,house_wage_sal_yes,567.0
480291207023,house_wage_sal_yes,422.0
480291213002,house_wage_sal_yes,273.0
480291703001,house_wage_sal_yes,216.0
480291704022,house_wage_sal_yes,258.0
480291704023,house_wage_sal_yes,342.0
480291706002,house_wage_sal_yes,291.0
480291707001,house_wage_sal_yes,253.0
480291212041,house_wage_sal_yes,592.0
480291212045,house_wage_sal_yes,894.0
480291416001,house_wage_sal_yes,688.0
480291215051,house_wage_sal_yes,724.0
480291403001,house_wage_sal_yes,240.0
480291701013,house_wage_sal_yes,295.0
480291718021,house_wage_sal_yes,225.0
480291718024,house_wage_sal_yes,284.0
480291507005,house_wage_sal_yes,259.0
480291507002,house_wage_sal_yes,285.0
480291507004,house_wage_sal_yes,278.0
480291601002,house_wage_sal_yes,282.0
480291813021,house_wage_sal_yes,1080.0
480291815063,house_wage_sal_yes,748.0
480291809024,house_wage_sal_yes,393.0
480291810032,house_wage_sal_yes,403.0
480291810053,house_wage_sal_yes,603.0
480291817152,house_wage_sal_yes,346.0
480291203001,house_wage_sal_yes,536.0
480291205011,house_wage_sal_yes,93.0
480291205016,house_wage_sal_yes,320.0
480291205017,house_wage_sal_yes,257.0
480291211151,house_wage_sal_yes,506.0
480291211173,house_wage_sal_yes,516.0
480291815031,house_wage_sal_yes,1127.0
480291215082,house_wage_sal_yes,520.0
480291914054,house_wage_sal_yes,361.0
480291709002,house_wage_sal_yes,354.0
480291615012,house_wage_sal_yes,115.0
480291615014,house_wage_sal_yes,308.0
480291701023,house_wage_sal_yes,427.0
480291711002,house_wage_sal_yes,333.0
480291807024,house_wage_sal_yes,236.0
480291807021,house_wage_sal_yes,569.0
480291809013,house_wage_sal_yes,379.0
480291108003,house_wage_sal_yes,189.0
480291211163,house_wage_sal_yes,507.0
480291212034,house_wage_sal_yes,283.0
480291212033,house_wage_sal_yes,260.0
480291817181,house_wage_sal_yes,684.0
480291902005,house_wage_sal_yes,421.0
480291902002,house_wage_sal_yes,147.0
480291802024,house_wage_sal_yes,138.0
480291802022,house_wage_sal_yes,415.0
480291805014,house_wage_sal_yes,179.0
480291808003,house_wage_sal_yes,167.0
480291708001,house_wage_sal_yes,115.0
480291106001,house_wage_sal_yes,169.0
480291510002,house_wage_sal_yes,256.0
480291510003,house_wage_sal_yes,304.0
480291607021,house_wage_sal_yes,290.0
480291607022,house_wage_sal_yes,354.0
480291215083,house_wage_sal_yes,245.0
480291216011,house_wage_sal_yes,502.0
480291218022,house_wage_sal_yes,691.0
480291303004,house_wage_sal_yes,163.0
480291303003,house_wage_sal_yes,160.0
480291909014,house_wage_sal_yes,209.0
480291809011,house_wage_sal_yes,221.0
480291815043,house_wage_sal_yes,107.0
480291816011,house_wage_sal_yes,237.0
480291818093,house_wage_sal_yes,312.0
480291821011,house_wage_sal_yes,889.0
480291906012,house_wage_sal_yes,290.0
480291910042,house_wage_sal_yes,550.0
480291212052,house_wage_sal_yes,398.0
480291212064,house_wage_sal_yes,207.0
480291212066,house_wage_sal_yes,218.0
480291602001,house_wage_sal_yes,280.0
480291817131,house_wage_sal_yes,557.0
480291815052,house_wage_sal_yes,339.0
480291817041,house_wage_sal_yes,424.0
480291817043,house_wage_sal_yes,552.0
480291907001,house_wage_sal_yes,346.0
480291812003,house_wage_sal_yes,340.0
480291511006,house_wage_sal_yes,55.0
480291514003,house_wage_sal_yes,268.0
480291909022,house_wage_sal_yes,444.0
480291810011,house_wage_sal_yes,427.0
480291821031,house_wage_sal_yes,762.0
480291901001,house_wage_sal_yes,219.0
480291817033,house_wage_sal_yes,659.0
480291803004,house_wage_sal_yes,214.0
480291313003,house_wage_sal_yes,500.0
480291313002,house_wage_sal_yes,391.0
480291103001,house_wage_sal_yes,536.0
480291206007,house_wage_sal_yes,384.0
480291206004,house_wage_sal_yes,569.0
480291206001,house_wage_sal_yes,393.0
480291517005,house_wage_sal_yes,382.0
480291517004,house_wage_sal_yes,173.0
480291719031,house_wage_sal_yes,405.0
480291717002,house_wage_sal_yes,255.0
480291719033,house_wage_sal_yes,341.0
480291509004,house_wage_sal_yes,279.0
480291509003,house_wage_sal_yes,392.0
480291705001,house_wage_sal_yes,272.0
480291805041,house_wage_sal_yes,386.0
480291205022,house_wage_sal_yes,134.0
480291205021,house_wage_sal_yes,299.0
480291207014,house_wage_sal_yes,220.0
480291302001,house_wage_sal_yes,258.0
480291410001,house_wage_sal_yes,116.0
480291516005,house_wage_sal_yes,188.0
480291516003,house_wage_sal_yes,542.0
480291817053,house_wage_sal_yes,727.0
480291606002,house_wage_sal_yes,262.0
480291419001,house_wage_sal_yes,380.0
480291515001,house_wage_sal_yes,180.0
480291603001,house_wage_sal_yes,257.0
480291603004,house_wage_sal_yes,201.0
480291613021,house_wage_sal_yes,827.0
480291804002,house_wage_sal_yes,422.0
480291807011,house_wage_sal_yes,378.0
480291811001,house_wage_sal_yes,444.0
480291211082,house_wage_sal_yes,527.0
480291203004,house_wage_sal_yes,338.0
480291203006,house_wage_sal_yes,327.0
480291506002,house_wage_sal_yes,318.0
480291506001,house_wage_sal_yes,213.0
480291511002,house_wage_sal_yes,372.0
480291105001,house_wage_sal_yes,412.0
480291210002,house_wage_sal_yes,224.0
480291210001,house_wage_sal_yes,141.0
480291211101,house_wage_sal_yes,617.0
480291215063,house_wage_sal_yes,313.0
480291315033,house_wage_sal_yes,358.0
480291315043,house_wage_sal_yes,608.0
480291315061,house_wage_sal_yes,323.0
480291315072,house_wage_sal_yes,228.0
480291316062,house_wage_sal_yes,860.0
480291316091,house_wage_sal_yes,555.0
480291316101,house_wage_sal_yes,675.0
480291316121,house_wage_sal_yes,589.0
480291316141,house_wage_sal_yes,967.0
480291316152,house_wage_sal_yes,634.0
480291318011,house_wage_sal_yes,371.0
480291318022,house_wage_sal_yes,157.0
480291411012,house_wage_sal_yes,223.0
480291522022,house_wage_sal_yes,230.0
480291411022,house_wage_sal_yes,142.0
480291414031,house_wage_sal_yes,394.0
480291414042,house_wage_sal_yes,444.0
480291605013,house_wage_sal_yes,90.0
480291605023,house_wage_sal_yes,224.0
480291609012,house_wage_sal_yes,249.0
480291609022,house_wage_sal_yes,315.0
480291613031,house_wage_sal_yes,462.0
480291613042,house_wage_sal_yes,459.0
480291615032,house_wage_sal_yes,311.0
480291615042,house_wage_sal_yes,570.0
480291618021,house_wage_sal_yes,1418.0
480291619021,house_wage_sal_yes,282.0
480291620031,house_wage_sal_yes,511.0
480291620041,house_wage_sal_yes,247.0
480291713012,house_wage_sal_yes,330.0
480291716012,house_wage_sal_yes,210.0
480291716022,house_wage_sal_yes,206.0
480291719122,house_wage_sal_yes,595.0
480291719141,house_wage_sal_yes,384.0
480291719151,house_wage_sal_yes,505.0
480291719163,house_wage_sal_yes,816.0
480291719181,house_wage_sal_yes,487.0
480291215044,house_wage_sal_yes,683.0
480291215064,house_wage_sal_yes,220.0
480291216061,house_wage_sal_yes,154.0
480291216064,house_wage_sal_yes,203.0
480291217013,house_wage_sal_yes,129.0
480291217022,house_wage_sal_yes,326.0
480291218082,house_wage_sal_yes,705.0
480291218093,house_wage_sal_yes,510.0
480291218111,house_wage_sal_yes,1201.0
480291218122,house_wage_sal_yes,315.0
480291218131,house_wage_sal_yes,435.0
480291219041,house_wage_sal_yes,295.0
480291219052,house_wage_sal_yes,1370.0
480291219071,house_wage_sal_yes,489.0
480291211085,house_wage_sal_yes,538.0
480291211191,house_wage_sal_yes,310.0
480291211201,house_wage_sal_yes,836.0
480291207013,house_wage_sal_yes,389.0
480291215043,house_wage_sal_yes,568.0
480291503002,house_wage_sal_yes,359.0
480291418003,house_wage_sal_yes,524.0
480291508001,house_wage_sal_yes,271.0
480291712001,house_wage_sal_yes,214.0
480291712002,house_wage_sal_yes,237.0
480291512004,house_wage_sal_yes,137.0
480291904002,house_wage_sal_yes,306.0
480291817121,house_wage_sal_yes,687.0
480291816024,house_wage_sal_yes,511.0
480291816022,house_wage_sal_yes,435.0
480291314022,house_wage_sal_yes,438.0
480291719183,house_wage_sal_yes,508.0
480291719201,house_wage_sal_yes,705.0
480291719212,house_wage_sal_yes,397.0
480291719231,house_wage_sal_yes,384.0
480291719234,house_wage_sal_yes,1398.0
480291719251,house_wage_sal_yes,202.0
480291719253,house_wage_sal_yes,944.0
480291720023,house_wage_sal_yes,1180.0
480291720041,house_wage_sal_yes,926.0
480291720061,house_wage_sal_yes,1073.0
480291720071,house_wage_sal_yes,1169.0
480291801011,house_wage_sal_yes,246.0
480291714011,house_wage_sal_yes,443.0
480291714022,house_wage_sal_yes,187.0
480291715012,house_wage_sal_yes,244.0
480291715023,house_wage_sal_yes,341.0
480291917011,house_wage_sal_yes,213.0
480291917022,house_wage_sal_yes,430.0
480291918043,house_wage_sal_yes,663.0
480291918111,house_wage_sal_yes,1149.0
480291918063,house_wage_sal_yes,1655.0
480291918081,house_wage_sal_yes,721.0
480291918092,house_wage_sal_yes,690.0
480291918131,house_wage_sal_yes,1323.0
480291817252,house_wage_sal_yes,818.0
480291817263,house_wage_sal_yes,990.0
480291817281,house_wage_sal_yes,1939.0
480291817301,house_wage_sal_yes,354.0
480291817312,house_wage_sal_yes,646.0
480291818112,house_wage_sal_yes,160.0
480291818132,house_wage_sal_yes,912.0
480291818142,house_wage_sal_yes,1080.0
480291818161,house_wage_sal_yes,333.0
480291818172,house_wage_sal_yes,265.0
480291818183,house_wage_sal_yes,664.0
480291818201,house_wage_sal_yes,111.0
480291818212,house_wage_sal_yes,819.0
480291818223,house_wage_sal_yes,795.0
480291905032,house_wage_sal_yes,419.0
480291905042,house_wage_sal_yes,344.0
480291906041,house_wage_sal_yes,289.0
480291910051,house_wage_sal_yes,195.0
480291910062,house_wage_sal_yes,372.0
480291801013,house_wage_sal_yes,240.0
480291801016,house_wage_sal_yes,159.0
480291806031,house_wage_sal_yes,502.0
480291806043,house_wage_sal_yes,272.0
480291807026,house_wage_sal_yes,645.0
480291814031,house_wage_sal_yes,836.0
480291814041,house_wage_sal_yes,1713.0
480291815044,house_wage_sal_yes,670.0
480291817154,house_wage_sal_yes,685.0
480291820022,house_wage_sal_yes,140.0
480291820031,house_wage_sal_yes,869.0
480291821013,house_wage_sal_yes,790.0
480291821051,house_wage_sal_yes,695.0
480291910065,house_wage_sal_yes,138.0
480291912013,house_wage_sal_yes,74.0
480291918141,house_wage_sal_yes,708.0
480291918152,house_wage_sal_yes,668.0
480291918171,house_wage_sal_yes,2679.0
480291919002,house_wage_sal_yes,266.0
480291919005,house_wage_sal_yes,230.0
480291920003,house_wage_sal_yes,582.0
480291921001,house_wage_sal_yes,538.0
480291922002,house_wage_sal_yes,272.0
480291805031,house_wage_sal_no,37.0
480291805032,house_wage_sal_no,114.0
480291704013,house_wage_sal_no,137.0
480291704012,house_wage_sal_no,70.0
480291914061,house_wage_sal_no,229.0
480291914092,house_wage_sal_no,157.0
480291212042,house_wage_sal_no,130.0
480291215081,house_wage_sal_no,125.0
480291914051,house_wage_sal_no,190.0
480291914052,house_wage_sal_no,215.0
480291914053,house_wage_sal_no,128.0
480291914055,house_wage_sal_no,152.0
480291709001,house_wage_sal_no,126.0
480291709003,house_wage_sal_no,54.0
480291610002,house_wage_sal_no,134.0
480291610001,house_wage_sal_no,218.0
480291615015,house_wage_sal_no,118.0
480291615011,house_wage_sal_no,164.0
480291615013,house_wage_sal_no,71.0
480291711001,house_wage_sal_no,213.0
480291620011,house_wage_sal_no,130.0
480291701022,house_wage_sal_no,68.0
480291701021,house_wage_sal_no,153.0
480291807022,house_wage_sal_no,202.0
480291807023,house_wage_sal_no,41.0
480291807025,house_wage_sal_no,131.0
480291809012,house_wage_sal_no,167.0
480291809015,house_wage_sal_no,92.0
480291106003,house_wage_sal_no,282.0
480291108002,house_wage_sal_no,121.0
480291108001,house_wage_sal_no,72.0
480291208004,house_wage_sal_no,77.0
480291208006,house_wage_sal_no,99.0
480291208001,house_wage_sal_no,96.0
480291208002,house_wage_sal_no,218.0
480291208005,house_wage_sal_no,40.0
480291208007,house_wage_sal_no,56.0
480291208003,house_wage_sal_no,194.0
480291211113,house_wage_sal_no,46.0
480291211111,house_wage_sal_no,53.0
480291211112,house_wage_sal_no,125.0
480291211114,house_wage_sal_no,119.0
480291211161,house_wage_sal_no,110.0
480291211164,house_wage_sal_no,196.0
480291211162,house_wage_sal_no,124.0
480291211181,house_wage_sal_no,107.0
480291211182,house_wage_sal_no,26.0
480291212031,house_wage_sal_no,140.0
480291212032,house_wage_sal_no,144.0
480291212051,house_wage_sal_no,132.0
480291817182,house_wage_sal_no,35.0
480291818111,house_wage_sal_no,184.0
480291902003,house_wage_sal_no,15.0
480291902004,house_wage_sal_no,134.0
480291902001,house_wage_sal_no,111.0
480291802021,house_wage_sal_no,339.0
480291802023,house_wage_sal_no,288.0
480291805013,house_wage_sal_no,125.0
480291805012,house_wage_sal_no,31.0
480291805011,house_wage_sal_no,322.0
480291808002,house_wage_sal_no,192.0
480291808001,house_wage_sal_no,73.0
480291708002,house_wage_sal_no,96.0
480291106002,house_wage_sal_no,436.0
480291504001,house_wage_sal_no,59.0
480291504002,house_wage_sal_no,100.0
480291510001,house_wage_sal_no,68.0
480291521002,house_wage_sal_no,103.0
480291521001,house_wage_sal_no,38.0
480291607024,house_wage_sal_no,122.0
480291607023,house_wage_sal_no,161.0
480291616002,house_wage_sal_no,162.0
480291616001,house_wage_sal_no,77.0
480291216012,house_wage_sal_no,87.0
480291216013,house_wage_sal_no,109.0
480291216014,house_wage_sal_no,115.0
480291218021,house_wage_sal_no,82.0
480291218023,house_wage_sal_no,134.0
480291303002,house_wage_sal_no,79.0
480291303001,house_wage_sal_no,82.0
480291307002,house_wage_sal_no,88.0
480291307001,house_wage_sal_no,167.0
480291702004,house_wage_sal_no,62.0
480291702006,house_wage_sal_no,105.0
480291702002,house_wage_sal_no,36.0
480291702005,house_wage_sal_no,275.0
480291702001,house_wage_sal_no,28.0
480291316011,house_wage_sal_no,104.0
480291317001,house_wage_sal_no,10.0
480291412004,house_wage_sal_no,112.0
480291412001,house_wage_sal_no,151.0
480291412005,house_wage_sal_no,140.0
480291412002,house_wage_sal_no,117.0
480291501003,house_wage_sal_no,133.0
480291309002,house_wage_sal_no,167.0
480291309003,house_wage_sal_no,75.0
480291310003,house_wage_sal_no,39.0
480291310004,house_wage_sal_no,132.0
480291310001,house_wage_sal_no,419.0
480291310002,house_wage_sal_no,116.0
480291405003,house_wage_sal_no,117.0
480291405002,house_wage_sal_no,38.0
480291405001,house_wage_sal_no,79.0
480291405004,house_wage_sal_no,23.0
480291406002,house_wage_sal_no,106.0
480291406001,house_wage_sal_no,116.0
480291407003,house_wage_sal_no,223.0
480291407001,house_wage_sal_no,72.0
480291407004,house_wage_sal_no,71.0
480291407005,house_wage_sal_no,81.0
480291413001,house_wage_sal_no,80.0
480291413003,house_wage_sal_no,104.0
480291702003,house_wage_sal_no,15.0
480291806023,house_wage_sal_no,91.0
480291806021,house_wage_sal_no,29.0
480291911021,house_wage_sal_no,171.0
480291911022,house_wage_sal_no,112.0
480291911023,house_wage_sal_no,25.0
480291209012,house_wage_sal_no,240.0
480291209011,house_wage_sal_no,71.0
480291211122,house_wage_sal_no,134.0
480291519001,house_wage_sal_no,94.0
480291409002,house_wage_sal_no,100.0
480291417001,house_wage_sal_no,156.0
480291417002,house_wage_sal_no,168.0
480291505012,house_wage_sal_no,114.0
480291505014,house_wage_sal_no,110.0
480291604002,house_wage_sal_no,216.0
480291604004,house_wage_sal_no,78.0
480291604001,house_wage_sal_no,109.0
480291604003,house_wage_sal_no,103.0
480291611005,house_wage_sal_no,109.0
480291611006,house_wage_sal_no,31.0
480291611001,house_wage_sal_no,163.0
480291611004,house_wage_sal_no,63.0
480291611003,house_wage_sal_no,31.0
480291611002,house_wage_sal_no,69.0
480291813012,house_wage_sal_no,137.0
480291813011,house_wage_sal_no,123.0
480291814021,house_wage_sal_no,116.0
480291814022,house_wage_sal_no,198.0
480291109001,house_wage_sal_no,129.0
480291110003,house_wage_sal_no,62.0
480291110002,house_wage_sal_no,71.0
480291204001,house_wage_sal_no,41.0
480291204005,house_wage_sal_no,50.0
480291710004,house_wage_sal_no,123.0
480291204003,house_wage_sal_no,79.0
480291207021,house_wage_sal_no,443.0
480291704014,house_wage_sal_no,77.0
480291710001,house_wage_sal_no,140.0
480291710002,house_wage_sal_no,75.0
480291717001,house_wage_sal_no,47.0
480291717003,house_wage_sal_no,81.0
480291215013,house_wage_sal_no,173.0
480291215011,house_wage_sal_no,81.0
480291215074,house_wage_sal_no,120.0
480291215071,house_wage_sal_no,118.0
480291215072,house_wage_sal_no,195.0
480291312002,house_wage_sal_no,138.0
480291401002,house_wage_sal_no,65.0
480291401001,house_wage_sal_no,81.0
480291404004,house_wage_sal_no,116.0
480291101002,house_wage_sal_no,157.0
480291209022,house_wage_sal_no,314.0
480291209021,house_wage_sal_no,83.0
480291214033,house_wage_sal_no,76.0
480291214031,house_wage_sal_no,377.0
480291216042,house_wage_sal_no,158.0
480291216043,house_wage_sal_no,22.0
480291306004,house_wage_sal_no,226.0
480291207022,house_wage_sal_no,289.0
480291213003,house_wage_sal_no,210.0
480291213001,house_wage_sal_no,199.0
480291703004,house_wage_sal_no,68.0
480291703002,house_wage_sal_no,80.0
480291703006,house_wage_sal_no,108.0
480291703005,house_wage_sal_no,157.0
480291703003,house_wage_sal_no,69.0
480291704024,house_wage_sal_no,36.0
480291704021,house_wage_sal_no,121.0
480291706001,house_wage_sal_no,90.0
480291706004,house_wage_sal_no,53.0
480291706003,house_wage_sal_no,64.0
480291707003,house_wage_sal_no,336.0
480291707002,house_wage_sal_no,60.0
480291212044,house_wage_sal_no,223.0
480291212043,house_wage_sal_no,53.0
480291404001,house_wage_sal_no,89.0
480291404002,house_wage_sal_no,111.0
480291504003,house_wage_sal_no,148.0
480291215052,house_wage_sal_no,102.0
480291403002,house_wage_sal_no,95.0
480291403003,house_wage_sal_no,54.0
480291520001,house_wage_sal_no,113.0
480291701011,house_wage_sal_no,88.0
480291701012,house_wage_sal_no,85.0
480291718022,house_wage_sal_no,220.0
480291718025,house_wage_sal_no,55.0
480291718023,house_wage_sal_no,104.0
480291408004,house_wage_sal_no,119.0
480291408001,house_wage_sal_no,56.0
480291408005,house_wage_sal_no,73.0
480291408003,house_wage_sal_no,20.0
480291408002,house_wage_sal_no,103.0
480291505023,house_wage_sal_no,71.0
480291505022,house_wage_sal_no,119.0
480291505021,house_wage_sal_no,106.0
480291507006,house_wage_sal_no,30.0
480291507001,house_wage_sal_no,69.0
480291507003,house_wage_sal_no,33.0
480291601004,house_wage_sal_no,251.0
480291601003,house_wage_sal_no,144.0
480291601001,house_wage_sal_no,89.0
480291813023,house_wage_sal_no,134.0
480291809021,house_wage_sal_no,200.0
480291809023,house_wage_sal_no,194.0
480291809022,house_wage_sal_no,80.0
480291809025,house_wage_sal_no,89.0
480291810031,house_wage_sal_no,196.0
480291810051,house_wage_sal_no,289.0
480291810052,house_wage_sal_no,49.0
480291815061,house_wage_sal_no,38.0
480291815062,house_wage_sal_no,182.0
480291817151,house_wage_sal_no,22.0
480291203002,house_wage_sal_no,18.0
480291203003,house_wage_sal_no,80.0
480291203005,house_wage_sal_no,63.0
480291205013,house_wage_sal_no,184.0
480291205015,house_wage_sal_no,101.0
480291205012,house_wage_sal_no,186.0
480291205014,house_wage_sal_no,263.0
480291211152,house_wage_sal_no,266.0
480291211153,house_wage_sal_no,209.0
480291211172,house_wage_sal_no,64.0
480291211171,house_wage_sal_no,177.0
480291720021,house_wage_sal_no,461.0
480291817031,house_wage_sal_no,191.0
480291817032,house_wage_sal_no,139.0
480291803003,house_wage_sal_no,176.0
480291803001,house_wage_sal_no,59.0
480291803002,house_wage_sal_no,119.0
480291817161,house_wage_sal_no,34.0
480291910034,house_wage_sal_no,95.0
480291910035,house_wage_sal_no,55.0
480291910033,house_wage_sal_no,140.0
480291910031,house_wage_sal_no,114.0
480291910032,house_wage_sal_no,364.0
480291214041,house_wage_sal_no,134.0
480291214042,house_wage_sal_no,426.0
480291214043,house_wage_sal_no,158.0
480291313001,house_wage_sal_no,208.0
480291313004,house_wage_sal_no,168.0
480291316061,house_wage_sal_no,246.0
480291103003,house_wage_sal_no,54.0
480291103002,house_wage_sal_no,83.0
480291201001,house_wage_sal_no,19.0
480291206002,house_wage_sal_no,71.0
480291206003,house_wage_sal_no,24.0
480291206006,house_wage_sal_no,71.0
480291206005,house_wage_sal_no,9.0
480291517003,house_wage_sal_no,54.0
480291517002,house_wage_sal_no,177.0
480291517001,house_wage_sal_no,122.0
480291607013,house_wage_sal_no,86.0
480291306001,house_wage_sal_no,94.0
480291306003,house_wage_sal_no,65.0
480291306002,house_wage_sal_no,136.0
480291402003,house_wage_sal_no,69.0
480291402002,house_wage_sal_no,91.0
480291402001,house_wage_sal_no,91.0
480291402004,house_wage_sal_no,24.0
480291309001,house_wage_sal_no,125.0
480291717004,house_wage_sal_no,318.0
480291719035,house_wage_sal_no,110.0
480291717006,house_wage_sal_no,166.0
480291719032,house_wage_sal_no,104.0
480291719034,house_wage_sal_no,128.0
480291509002,house_wage_sal_no,96.0
480291509001,house_wage_sal_no,67.0
480291509005,house_wage_sal_no,146.0
480291705003,house_wage_sal_no,97.0
480291705004,house_wage_sal_no,30.0
480291705002,house_wage_sal_no,47.0
480291805042,house_wage_sal_no,228.0
480291205025,house_wage_sal_no,106.0
480291205023,house_wage_sal_no,25.0
480291205026,house_wage_sal_no,57.0
480291205024,house_wage_sal_no,113.0
480291207012,house_wage_sal_no,175.0
480291207011,house_wage_sal_no,33.0
480291302002,house_wage_sal_no,105.0
480291410003,house_wage_sal_no,129.0
480291410002,house_wage_sal_no,217.0
480291516001,house_wage_sal_no,118.0
480291516004,house_wage_sal_no,149.0
480291516002,house_wage_sal_no,179.0
480291817051,house_wage_sal_no,162.0
480291817052,house_wage_sal_no,112.0
480291512002,house_wage_sal_no,165.0
480291606001,house_wage_sal_no,42.0
480291606003,house_wage_sal_no,199.0
480291419003,house_wage_sal_no,140.0
480291419002,house_wage_sal_no,194.0
480291515003,house_wage_sal_no,109.0
480291515002,house_wage_sal_no,109.0
480291603003,house_wage_sal_no,126.0
480291603002,house_wage_sal_no,146.0
480291603005,house_wage_sal_no,157.0
480291612001,house_wage_sal_no,71.0
480291612002,house_wage_sal_no,105.0
480291804003,house_wage_sal_no,66.0
480291804001,house_wage_sal_no,161.0
480291807012,house_wage_sal_no,342.0
480291811004,house_wage_sal_no,46.0
480291811002,house_wage_sal_no,164.0
480291811003,house_wage_sal_no,336.0
480291909015,house_wage_sal_no,99.0
480291909013,house_wage_sal_no,48.0
480291809014,house_wage_sal_no,55.0
480291813031,house_wage_sal_no,98.0
480291815041,house_wage_sal_no,224.0
480291815042,house_wage_sal_no,219.0
480291816012,house_wage_sal_no,274.0
480291906011,house_wage_sal_no,27.0
480291818091,house_wage_sal_no,187.0
480291818092,house_wage_sal_no,162.0
480291818094,house_wage_sal_no,98.0
480291906013,house_wage_sal_no,126.0
480291910041,house_wage_sal_no,79.0
480291910043,house_wage_sal_no,54.0
480291813022,house_wage_sal_no,208.0
480291212063,house_wage_sal_no,155.0
480291212061,house_wage_sal_no,70.0
480291212065,house_wage_sal_no,98.0
480291212062,house_wage_sal_no,50.0
480291214022,house_wage_sal_no,117.0
480291214021,house_wage_sal_no,240.0
480291218031,house_wage_sal_no,91.0
480291218032,house_wage_sal_no,95.0
480291218033,house_wage_sal_no,100.0
480291218041,house_wage_sal_no,179.0
480291218042,house_wage_sal_no,225.0
480291218043,house_wage_sal_no,385.0
480291308001,house_wage_sal_no,258.0
480291308004,house_wage_sal_no,46.0
480291308002,house_wage_sal_no,91.0
480291308003,house_wage_sal_no,57.0
480291311003,house_wage_sal_no,114.0
480291311002,house_wage_sal_no,95.0
480291602002,house_wage_sal_no,46.0
480291817134,house_wage_sal_no,180.0
480291817132,house_wage_sal_no,78.0
480291817133,house_wage_sal_no,149.0
480291815054,house_wage_sal_no,124.0
480291815053,house_wage_sal_no,117.0
480291815051,house_wage_sal_no,89.0
480291817042,house_wage_sal_no,93.0
480291817044,house_wage_sal_no,54.0
480291817111,house_wage_sal_no,104.0
480291907002,house_wage_sal_no,142.0
480291907003,house_wage_sal_no,73.0
480291607011,house_wage_sal_no,108.0
480291607012,house_wage_sal_no,86.0
480291718011,house_wage_sal_no,137.0
480291718013,house_wage_sal_no,139.0
480291718014,house_wage_sal_no,96.0
480291718012,house_wage_sal_no,92.0
480291802013,house_wage_sal_no,303.0
480291802012,house_wage_sal_no,132.0
480291802014,house_wage_sal_no,98.0
480291802011,house_wage_sal_no,38.0
480291812001,house_wage_sal_no,70.0
480291812004,house_wage_sal_no,121.0
480291812002,house_wage_sal_no,143.0
480291812005,house_wage_sal_no,99.0
480291514004,house_wage_sal_no,17.0
480291511003,house_wage_sal_no,108.0
480291511001,house_wage_sal_no,78.0
480291514001,house_wage_sal_no,125.0
480291514002,house_wage_sal_no,122.0
480291905012,house_wage_sal_no,67.0
480291905013,house_wage_sal_no,42.0
480291905011,house_wage_sal_no,8.0
480291908001,house_wage_sal_no,59.0
480291908002,house_wage_sal_no,94.0
480291909011,house_wage_sal_no,130.0
480291909012,house_wage_sal_no,88.0
480291909021,house_wage_sal_no,115.0
480291909023,house_wage_sal_no,87.0
480291810012,house_wage_sal_no,182.0
480291810042,house_wage_sal_no,205.0
480291810041,house_wage_sal_no,177.0
480291901004,house_wage_sal_no,133.0
480291901003,house_wage_sal_no,124.0
480291901002,house_wage_sal_no,199.0
480291719021,house_wage_sal_no,131.0
480291311001,house_wage_sal_no,81.0
480291203008,house_wage_sal_no,125.0
480291203007,house_wage_sal_no,106.0
480291501001,house_wage_sal_no,79.0
480291501004,house_wage_sal_no,110.0
480291506004,house_wage_sal_no,131.0
480291506003,house_wage_sal_no,110.0
480291511007,house_wage_sal_no,152.0
480291511005,house_wage_sal_no,90.0
480291511004,house_wage_sal_no,74.0
480291918042,house_wage_sal_no,122.0
480291918041,house_wage_sal_no,61.0
480291210004,house_wage_sal_no,40.0
480291210003,house_wage_sal_no,187.0
480291210005,house_wage_sal_no,198.0
480291210006,house_wage_sal_no,122.0
480291211102,house_wage_sal_no,118.0
480291215062,house_wage_sal_no,58.0
480291215061,house_wage_sal_no,153.0
480291305001,house_wage_sal_no,34.0
480291305003,house_wage_sal_no,381.0
480291305002,house_wage_sal_no,67.0
480291305004,house_wage_sal_no,0.0
480291904003,house_wage_sal_no,113.0
480291211081,house_wage_sal_no,116.0
480291211083,house_wage_sal_no,99.0
480291211084,house_wage_sal_no,144.0
480291207015,house_wage_sal_no,123.0
480291215042,house_wage_sal_no,98.0
480291215041,house_wage_sal_no,123.0
480291503001,house_wage_sal_no,63.0
480291503004,house_wage_sal_no,111.0
480291503003,house_wage_sal_no,55.0
480291602003,house_wage_sal_no,78.0
480291508002,house_wage_sal_no,78.0
480291508003,house_wage_sal_no,129.0
480291712003,house_wage_sal_no,138.0
480291418001,house_wage_sal_no,151.0
480291418002,house_wage_sal_no,132.0
480291512005,house_wage_sal_no,39.0
480291512003,house_wage_sal_no,94.0
480291512001,house_wage_sal_no,40.0
480291107001,house_wage_sal_no,312.0
480291904001,house_wage_sal_no,68.0
480291719121,house_wage_sal_no,146.0
480291817122,house_wage_sal_no,134.0
480291816023,house_wage_sal_no,89.0
480291816021,house_wage_sal_no,116.0
480291818081,house_wage_sal_no,169.0
480291821021,house_wage_sal_no,58.0
480291911011,house_wage_sal_no,135.0
480291911012,house_wage_sal_no,55.0
480291219082,house_wage_sal_no,77.0
480291219091,house_wage_sal_no,122.0
480291219092,house_wage_sal_no,273.0
480291219101,house_wage_sal_no,292.0
480291219102,house_wage_sal_no,80.0
480291304011,house_wage_sal_no,126.0
480291304012,house_wage_sal_no,106.0
480291304013,house_wage_sal_no,102.0
480291304014,house_wage_sal_no,107.0
480291304021,house_wage_sal_no,108.0
480291304022,house_wage_sal_no,151.0
480291304023,house_wage_sal_no,172.0
480291314011,house_wage_sal_no,115.0
480291314012,house_wage_sal_no,170.0
480291314021,house_wage_sal_no,58.0
480291719182,house_wage_sal_no,75.0
480291719184,house_wage_sal_no,15.0
480291719191,house_wage_sal_no,129.0
480291719202,house_wage_sal_no,278.0
480291719211,house_wage_sal_no,68.0
480291719213,house_wage_sal_no,29.0
480291719221,house_wage_sal_no,114.0
480291719232,house_wage_sal_no,66.0
480291719233,house_wage_sal_no,283.0
480291719241,house_wage_sal_no,213.0
480291720022,house_wage_sal_no,73.0
480291719242,house_wage_sal_no,42.0
480291719252,house_wage_sal_no,40.0
480291719254,house_wage_sal_no,103.0
480291720031,house_wage_sal_no,52.0
480291720032,house_wage_sal_no,81.0
480291720051,house_wage_sal_no,280.0
480291720052,house_wage_sal_no,247.0
480291720062,house_wage_sal_no,0.0
480291720063,house_wage_sal_no,180.0
480291720072,house_wage_sal_no,190.0
480291720073,house_wage_sal_no,266.0
480291801012,house_wage_sal_no,119.0
480291315031,house_wage_sal_no,259.0
480291315032,house_wage_sal_no,113.0
480291315041,house_wage_sal_no,36.0
480291315042,house_wage_sal_no,104.0
480291315051,house_wage_sal_no,33.0
480291315052,house_wage_sal_no,100.0
480291315062,house_wage_sal_no,82.0
480291316081,house_wage_sal_no,233.0
480291315071,house_wage_sal_no,142.0
480291315073,house_wage_sal_no,116.0
480291316012,house_wage_sal_no,76.0
480291316082,house_wage_sal_no,223.0
480291316092,house_wage_sal_no,94.0
480291316093,house_wage_sal_no,75.0
480291316102,house_wage_sal_no,63.0
480291316111,house_wage_sal_no,104.0
480291316131,house_wage_sal_no,101.0
480291316132,house_wage_sal_no,91.0
480291316142,house_wage_sal_no,4.0
480291316151,house_wage_sal_no,46.0
480291316153,house_wage_sal_no,0.0
480291316154,house_wage_sal_no,25.0
480291318012,house_wage_sal_no,81.0
480291318021,house_wage_sal_no,130.0
480291318023,house_wage_sal_no,214.0
480291411011,house_wage_sal_no,328.0
480291411013,house_wage_sal_no,56.0
480291411021,house_wage_sal_no,190.0
480291411023,house_wage_sal_no,181.0
480291414022,house_wage_sal_no,60.0
480291414032,house_wage_sal_no,211.0
480291414041,house_wage_sal_no,130.0
480291414043,house_wage_sal_no,305.0
480291416002,house_wage_sal_no,115.0
480291513011,house_wage_sal_no,58.0
480291513012,house_wage_sal_no,114.0
480291513013,house_wage_sal_no,148.0
480291513014,house_wage_sal_no,67.0
480291513021,house_wage_sal_no,97.0
480291513022,house_wage_sal_no,128.0
480291521003,house_wage_sal_no,22.0
480291521004,house_wage_sal_no,157.0
480291522011,house_wage_sal_no,252.0
480291522012,house_wage_sal_no,166.0
480291522013,house_wage_sal_no,159.0
480291522021,house_wage_sal_no,112.0
480291605011,house_wage_sal_no,197.0
480291605012,house_wage_sal_no,94.0
480291605021,house_wage_sal_no,112.0
480291609013,house_wage_sal_no,161.0
480291605022,house_wage_sal_no,49.0
480291605024,house_wage_sal_no,169.0
480291609011,house_wage_sal_no,78.0
480291609021,house_wage_sal_no,93.0
480291609023,house_wage_sal_no,135.0
480291613022,house_wage_sal_no,95.0
480291613032,house_wage_sal_no,149.0
480291613041,house_wage_sal_no,98.0
480291614001,house_wage_sal_no,21.0
480291615031,house_wage_sal_no,141.0
480291615033,house_wage_sal_no,86.0
480291615041,house_wage_sal_no,81.0
480291618011,house_wage_sal_no,237.0
480291618012,house_wage_sal_no,23.0
480291618022,house_wage_sal_no,333.0
480291619011,house_wage_sal_no,85.0
480291619022,house_wage_sal_no,285.0
480291619023,house_wage_sal_no,124.0
480291620032,house_wage_sal_no,87.0
480291620033,house_wage_sal_no,120.0
480291620042,house_wage_sal_no,165.0
480291713011,house_wage_sal_no,47.0
480291713021,house_wage_sal_no,45.0
480291713022,house_wage_sal_no,138.0
480291716011,house_wage_sal_no,86.0
480291716013,house_wage_sal_no,111.0
480291716021,house_wage_sal_no,204.0
480291719022,house_wage_sal_no,145.0
480291719023,house_wage_sal_no,434.0
480291719131,house_wage_sal_no,239.0
480291719132,house_wage_sal_no,135.0
480291719142,house_wage_sal_no,71.0
480291719143,house_wage_sal_no,62.0
480291719161,house_wage_sal_no,175.0
480291719162,house_wage_sal_no,71.0
480291719171,house_wage_sal_no,182.0
480291719172,house_wage_sal_no,90.0
480291215053,house_wage_sal_no,124.0
480291216051,house_wage_sal_no,125.0
480291216052,house_wage_sal_no,83.0
480291216062,house_wage_sal_no,247.0
480291216063,house_wage_sal_no,107.0
480291217011,house_wage_sal_no,122.0
480291217012,house_wage_sal_no,121.0
480291217014,house_wage_sal_no,84.0
480291217021,house_wage_sal_no,199.0
480291217023,house_wage_sal_no,238.0
480291218081,house_wage_sal_no,46.0
480291218091,house_wage_sal_no,36.0
480291218092,house_wage_sal_no,186.0
480291218101,house_wage_sal_no,183.0
480291218102,house_wage_sal_no,27.0
480291218112,house_wage_sal_no,22.0
480291218121,house_wage_sal_no,231.0
480291219032,house_wage_sal_no,194.0
480291218123,house_wage_sal_no,65.0
480291218124,house_wage_sal_no,79.0
480291219031,house_wage_sal_no,116.0
480291219042,house_wage_sal_no,70.0
480291219051,house_wage_sal_no,116.0
480291219061,house_wage_sal_no,254.0
480291219062,house_wage_sal_no,115.0
480291219072,house_wage_sal_no,407.0
480291219081,house_wage_sal_no,126.0
480291209024,house_wage_sal_no,98.0
480291211103,house_wage_sal_no,62.0
480291211183,house_wage_sal_no,221.0
480291211192,house_wage_sal_no,72.0
480291211193,house_wage_sal_no,154.0
480291211202,house_wage_sal_no,81.0
480291211211,house_wage_sal_no,121.0
480291211212,house_wage_sal_no,59.0
480291211221,house_wage_sal_no,150.0
480291211222,house_wage_sal_no,82.0
480291211223,house_wage_sal_no,66.0
480291215014,house_wage_sal_no,247.0
480291713023,house_wage_sal_no,135.0
480291713024,house_wage_sal_no,139.0
480291714012,house_wage_sal_no,134.0
480291714021,house_wage_sal_no,224.0
480291714023,house_wage_sal_no,79.0
480291715011,house_wage_sal_no,168.0
480291715021,house_wage_sal_no,76.0
480291715022,house_wage_sal_no,96.0
480291715024,house_wage_sal_no,130.0
480291914121,house_wage_sal_no,135.0
480291914131,house_wage_sal_no,296.0
480291914132,house_wage_sal_no,250.0
480291915031,house_wage_sal_no,231.0
480291915032,house_wage_sal_no,213.0
480291915033,house_wage_sal_no,192.0
480291915041,house_wage_sal_no,114.0
480291915042,house_wage_sal_no,64.0
480291915051,house_wage_sal_no,79.0
480291915052,house_wage_sal_no,164.0
480291915061,house_wage_sal_no,331.0
480291915062,house_wage_sal_no,280.0
480291915063,house_wage_sal_no,66.0
480291917012,house_wage_sal_no,59.0
480291917021,house_wage_sal_no,204.0
480291917023,house_wage_sal_no,79.0
480291917024,house_wage_sal_no,343.0
480291918061,house_wage_sal_no,85.0
480291918062,house_wage_sal_no,175.0
480291918071,house_wage_sal_no,510.0
480291918072,house_wage_sal_no,126.0
480291918082,house_wage_sal_no,54.0
480291918091,house_wage_sal_no,347.0
480291918101,house_wage_sal_no,150.0
480291918102,house_wage_sal_no,64.0
480291918121,house_wage_sal_no,135.0
480291918122,house_wage_sal_no,55.0
480291918132,house_wage_sal_no,64.0
480291821062,house_wage_sal_no,150.0
480291905031,house_wage_sal_no,62.0
480291905033,house_wage_sal_no,121.0
480291905041,house_wage_sal_no,128.0
480291906031,house_wage_sal_no,80.0
480291906032,house_wage_sal_no,104.0
480291906042,house_wage_sal_no,52.0
480291906043,house_wage_sal_no,141.0
480291910052,house_wage_sal_no,85.0
480291910061,house_wage_sal_no,51.0
480291910063,house_wage_sal_no,156.0
480291801014,house_wage_sal_no,18.0
480291801015,house_wage_sal_no,106.0
480291801021,house_wage_sal_no,88.0
480291806044,house_wage_sal_no,46.0
480291801022,house_wage_sal_no,115.0
480291806041,house_wage_sal_no,151.0
480291806042,house_wage_sal_no,243.0
480291806045,house_wage_sal_no,100.0
480291810033,house_wage_sal_no,207.0
480291813032,house_wage_sal_no,51.0
480291814032,house_wage_sal_no,55.0
480291814033,house_wage_sal_no,41.0
480291814042,house_wage_sal_no,214.0
480291815032,house_wage_sal_no,446.0
480291817112,house_wage_sal_no,65.0
480291817113,house_wage_sal_no,194.0
480291817153,house_wage_sal_no,11.0
480291817162,house_wage_sal_no,80.0
480291817163,house_wage_sal_no,37.0
480291817164,house_wage_sal_no,0.0
480291817183,house_wage_sal_no,97.0
480291817201,house_wage_sal_no,216.0
480291817202,house_wage_sal_no,7.0
480291817211,house_wage_sal_no,54.0
480291817212,house_wage_sal_no,43.0
480291817231,house_wage_sal_no,88.0
480291817221,house_wage_sal_no,25.0
480291817222,house_wage_sal_no,90.0
480291817223,house_wage_sal_no,80.0
480291817232,house_wage_sal_no,48.0
480291817233,house_wage_sal_no,172.0
480291817241,house_wage_sal_no,59.0
480291817242,house_wage_sal_no,86.0
480291817251,house_wage_sal_no,168.0
480291817261,house_wage_sal_no,57.0
480291817262,house_wage_sal_no,106.0
480291817271,house_wage_sal_no,169.0
480291817272,house_wage_sal_no,21.0
480291817282,house_wage_sal_no,34.0
480291817291,house_wage_sal_no,134.0
480291817302,house_wage_sal_no,112.0
480291817311,house_wage_sal_no,17.0
480291817313,house_wage_sal_no,101.0
480291817314,house_wage_sal_no,79.0
480291818131,house_wage_sal_no,174.0
480291818133,house_wage_sal_no,163.0
480291818141,house_wage_sal_no,264.0
480291818151,house_wage_sal_no,146.0
480291818152,house_wage_sal_no,62.0
480291818162,house_wage_sal_no,181.0
480291818171,house_wage_sal_no,296.0
480291818181,house_wage_sal_no,285.0
480291818182,house_wage_sal_no,144.0
480291818191,house_wage_sal_no,14.0
480291818192,house_wage_sal_no,295.0
480291818202,house_wage_sal_no,209.0
480291818211,house_wage_sal_no,76.0
480291818221,house_wage_sal_no,34.0
480291818222,house_wage_sal_no,103.0
480291818231,house_wage_sal_no,98.0
480291818241,house_wage_sal_no,68.0
480291912012,house_wage_sal_no,93.0
480291910064,house_wage_sal_no,37.0
480291912011,house_wage_sal_no,157.0
480291912021,house_wage_sal_no,259.0
480291912022,house_wage_sal_no,218.0
480291912023,house_wage_sal_no,157.0
480291912024,house_wage_sal_no,134.0
480291913031,house_wage_sal_no,163.0
480291913041,house_wage_sal_no,61.0
480291913042,house_wage_sal_no,105.0
480291914062,house_wage_sal_no,167.0
480291914063,house_wage_sal_no,273.0
480291914082,house_wage_sal_no,39.0
480291914101,house_wage_sal_no,87.0
480291914102,house_wage_sal_no,16.0
480291914103,house_wage_sal_no,17.0
480291914111,house_wage_sal_no,165.0
480291914112,house_wage_sal_no,152.0
480291818242,house_wage_sal_no,60.0
480291818251,house_wage_sal_no,19.0
480291818252,house_wage_sal_no,119.0
480291818261,house_wage_sal_no,38.0
480291818262,house_wage_sal_no,167.0
480291818263,house_wage_sal_no,32.0
480291818264,house_wage_sal_no,74.0
480291819011,house_wage_sal_no,201.0
480291819012,house_wage_sal_no,132.0
480291819021,house_wage_sal_no,229.0
480291819022,house_wage_sal_no,141.0
480291820011,house_wage_sal_no,106.0
480291820012,house_wage_sal_no,73.0
480291820021,house_wage_sal_no,325.0
480291820023,house_wage_sal_no,126.0
480291820032,house_wage_sal_no,52.0
480291821012,house_wage_sal_no,493.0
480291821022,house_wage_sal_no,140.0
480291821023,house_wage_sal_no,169.0
480291821061,house_wage_sal_no,83.0
480291918142,house_wage_sal_no,44.0
480291918151,house_wage_sal_no,147.0
480291918161,house_wage_sal_no,503.0
480291918162,house_wage_sal_no,179.0
480291918172,house_wage_sal_no,243.0
480291919001,house_wage_sal_no,175.0
480291919003,house_wage_sal_no,71.0
480291919004,house_wage_sal_no,126.0
480291920001,house_wage_sal_no,141.0
480291920002,house_wage_sal_no,122.0
480291920004,house_wage_sal_no,129.0
480291920005,house_wage_sal_no,0.0
480291921002,house_wage_sal_no,147.0
480291922001,house_wage_sal_no,83.0
480291923001,house_wage_sal_no,204.0
480291923002,house_wage_sal_no,135.0
480291923003,house_wage_sal_no,100.0
480291923004,house_wage_sal_no,41.0
480299800011,house_wage_sal_no,0.0
480299800021,house_wage_sal_no,0.0
480299800031,house_wage_sal_no,11.0
480299800041,house_wage_sal_no,0.0
480299800051,house_wage_sal_no,0.0
480299801001,house_wage_sal_no,8.0
480291805033,house_wage_sal_no,140.0
480291704011,house_wage_sal_no,62.0
480291914081,house_wage_sal_no,173.0
480291914091,house_wage_sal_no,162.0
480291412006,house_wage_sal_no,55.0
480291412003,house_wage_sal_no,54.0
480291501002,house_wage_sal_no,116.0
480291407002,house_wage_sal_no,215.0
480291413002,house_wage_sal_no,203.0
480291414021,house_wage_sal_no,214.0
480291806022,house_wage_sal_no,396.0
480291101003,house_wage_sal_no,129.0
480291211121,house_wage_sal_no,395.0
480291519002,house_wage_sal_no,281.0
480291409001,house_wage_sal_no,128.0
480291505011,house_wage_sal_no,30.0
480291505013,house_wage_sal_no,104.0
480291110001,house_wage_sal_no,124.0
480291204002,house_wage_sal_no,68.0
480291204006,house_wage_sal_no,400.0
480291204004,house_wage_sal_no,64.0
480291710005,house_wage_sal_no,110.0
480291710003,house_wage_sal_no,111.0
480291717005,house_wage_sal_no,90.0
480291213004,house_wage_sal_no,172.0
480291215012,house_wage_sal_no,150.0
480291215073,house_wage_sal_no,65.0
480291312001,house_wage_sal_no,256.0
480291404003,house_wage_sal_no,48.0
480291101001,house_wage_sal_no,104.0
480291209023,house_wage_sal_no,225.0
480291214032,house_wage_sal_no,133.0
480291216041,house_wage_sal_no,199.0
480291216044,house_wage_sal_no,59.0
480291207023,house_wage_sal_no,152.0
480291213002,house_wage_sal_no,135.0
480291703001,house_wage_sal_no,178.0
480291704022,house_wage_sal_no,97.0
480291704023,house_wage_sal_no,57.0
480291706002,house_wage_sal_no,90.0
480291707001,house_wage_sal_no,80.0
480291212041,house_wage_sal_no,296.0
480291212045,house_wage_sal_no,47.0
480291416001,house_wage_sal_no,67.0
480291215051,house_wage_sal_no,164.0
480291403001,house_wage_sal_no,152.0
480291701013,house_wage_sal_no,64.0
480291718021,house_wage_sal_no,122.0
480291718024,house_wage_sal_no,186.0
480291507005,house_wage_sal_no,148.0
480291507002,house_wage_sal_no,213.0
480291507004,house_wage_sal_no,162.0
480291601002,house_wage_sal_no,142.0
480291813021,house_wage_sal_no,129.0
480291815063,house_wage_sal_no,287.0
480291809024,house_wage_sal_no,138.0
480291810032,house_wage_sal_no,186.0
480291810053,house_wage_sal_no,51.0
480291817152,house_wage_sal_no,90.0
480291203001,house_wage_sal_no,80.0
480291205011,house_wage_sal_no,169.0
480291205016,house_wage_sal_no,122.0
480291205017,house_wage_sal_no,70.0
480291211151,house_wage_sal_no,61.0
480291211173,house_wage_sal_no,122.0
480291815031,house_wage_sal_no,163.0
480291215082,house_wage_sal_no,86.0
480291914054,house_wage_sal_no,83.0
480291709002,house_wage_sal_no,200.0
480291615012,house_wage_sal_no,88.0
480291615014,house_wage_sal_no,128.0
480291701023,house_wage_sal_no,146.0
480291711002,house_wage_sal_no,210.0
480291807024,house_wage_sal_no,213.0
480291807021,house_wage_sal_no,307.0
480291809013,house_wage_sal_no,170.0
480291108003,house_wage_sal_no,52.0
480291211163,house_wage_sal_no,67.0
480291212034,house_wage_sal_no,107.0
480291212033,house_wage_sal_no,114.0
480291817181,house_wage_sal_no,79.0
480291902005,house_wage_sal_no,78.0
480291902002,house_wage_sal_no,79.0
480291802024,house_wage_sal_no,154.0
480291802022,house_wage_sal_no,236.0
480291805014,house_wage_sal_no,313.0
480291808003,house_wage_sal_no,94.0
480291708001,house_wage_sal_no,71.0
480291106001,house_wage_sal_no,57.0
480291510002,house_wage_sal_no,79.0
480291510003,house_wage_sal_no,53.0
480291607021,house_wage_sal_no,91.0
480291607022,house_wage_sal_no,344.0
480291215083,house_wage_sal_no,39.0
480291216011,house_wage_sal_no,130.0
480291218022,house_wage_sal_no,225.0
480291303004,house_wage_sal_no,136.0
480291303003,house_wage_sal_no,13.0
480291909014,house_wage_sal_no,73.0
480291809011,house_wage_sal_no,66.0
480291815043,house_wage_sal_no,63.0
480291816011,house_wage_sal_no,32.0
480291818093,house_wage_sal_no,126.0
480291821011,house_wage_sal_no,245.0
480291906012,house_wage_sal_no,165.0
480291910042,house_wage_sal_no,114.0
480291212052,house_wage_sal_no,108.0
480291212064,house_wage_sal_no,170.0
480291212066,house_wage_sal_no,287.0
480291602001,house_wage_sal_no,34.0
480291817131,house_wage_sal_no,178.0
480291815052,house_wage_sal_no,137.0
480291817041,house_wage_sal_no,76.0
480291817043,house_wage_sal_no,122.0
480291907001,house_wage_sal_no,141.0
480291812003,house_wage_sal_no,98.0
480291511006,house_wage_sal_no,28.0
480291514003,house_wage_sal_no,168.0
480291909022,house_wage_sal_no,59.0
480291810011,house_wage_sal_no,211.0
480291821031,house_wage_sal_no,173.0
480291901001,house_wage_sal_no,30.0
480291817033,house_wage_sal_no,275.0
480291803004,house_wage_sal_no,102.0
480291313003,house_wage_sal_no,299.0
480291313002,house_wage_sal_no,92.0
480291103001,house_wage_sal_no,299.0
480291206007,house_wage_sal_no,130.0
480291206004,house_wage_sal_no,161.0
480291206001,house_wage_sal_no,102.0
480291517005,house_wage_sal_no,66.0
480291517004,house_wage_sal_no,11.0
480291719031,house_wage_sal_no,196.0
480291717002,house_wage_sal_no,73.0
480291719033,house_wage_sal_no,152.0
480291509004,house_wage_sal_no,82.0
480291509003,house_wage_sal_no,154.0
480291705001,house_wage_sal_no,264.0
480291805041,house_wage_sal_no,112.0
480291205022,house_wage_sal_no,59.0
480291205021,house_wage_sal_no,116.0
480291207014,house_wage_sal_no,167.0
480291302001,house_wage_sal_no,43.0
480291410001,house_wage_sal_no,78.0
480291516005,house_wage_sal_no,46.0
480291516003,house_wage_sal_no,120.0
480291817053,house_wage_sal_no,221.0
480291606002,house_wage_sal_no,181.0
480291419001,house_wage_sal_no,132.0
480291515001,house_wage_sal_no,37.0
480291603001,house_wage_sal_no,75.0
480291603004,house_wage_sal_no,134.0
480291613021,house_wage_sal_no,129.0
480291804002,house_wage_sal_no,207.0
480291807011,house_wage_sal_no,91.0
480291811001,house_wage_sal_no,177.0
480291211082,house_wage_sal_no,187.0
480291203004,house_wage_sal_no,125.0
480291203006,house_wage_sal_no,31.0
480291506002,house_wage_sal_no,42.0
480291506001,house_wage_sal_no,137.0
480291511002,house_wage_sal_no,110.0
480291105001,house_wage_sal_no,368.0
480291210002,house_wage_sal_no,52.0
480291210001,house_wage_sal_no,30.0
480291211101,house_wage_sal_no,86.0
480291215063,house_wage_sal_no,45.0
480291315033,house_wage_sal_no,85.0
480291315043,house_wage_sal_no,195.0
480291315061,house_wage_sal_no,126.0
480291315072,house_wage_sal_no,49.0
480291316062,house_wage_sal_no,80.0
480291316091,house_wage_sal_no,118.0
480291316101,house_wage_sal_no,90.0
480291316121,house_wage_sal_no,34.0
480291316141,house_wage_sal_no,66.0
480291316152,house_wage_sal_no,73.0
480291318011,house_wage_sal_no,116.0
480291318022,house_wage_sal_no,55.0
480291411012,house_wage_sal_no,151.0
480291522022,house_wage_sal_no,162.0
480291411022,house_wage_sal_no,49.0
480291414031,house_wage_sal_no,166.0
480291414042,house_wage_sal_no,139.0
480291605013,house_wage_sal_no,208.0
480291605023,house_wage_sal_no,79.0
480291609012,house_wage_sal_no,54.0
480291609022,house_wage_sal_no,122.0
480291613031,house_wage_sal_no,52.0
480291613042,house_wage_sal_no,95.0
480291615032,house_wage_sal_no,38.0
480291615042,house_wage_sal_no,132.0
480291618021,house_wage_sal_no,97.0
480291619021,house_wage_sal_no,136.0
480291620031,house_wage_sal_no,126.0
480291620041,house_wage_sal_no,153.0
480291713012,house_wage_sal_no,249.0
480291716012,house_wage_sal_no,22.0
480291716022,house_wage_sal_no,57.0
480291719122,house_wage_sal_no,43.0
480291719141,house_wage_sal_no,39.0
480291719151,house_wage_sal_no,170.0
480291719163,house_wage_sal_no,110.0
480291719181,house_wage_sal_no,58.0
480291215044,house_wage_sal_no,388.0
480291215064,house_wage_sal_no,115.0
480291216061,house_wage_sal_no,91.0
480291216064,house_wage_sal_no,72.0
480291217013,house_wage_sal_no,107.0
480291217022,house_wage_sal_no,202.0
480291218082,house_wage_sal_no,95.0
480291218093,house_wage_sal_no,94.0
480291218111,house_wage_sal_no,119.0
480291218122,house_wage_sal_no,40.0
480291218131,house_wage_sal_no,119.0
480291219041,house_wage_sal_no,51.0
480291219052,house_wage_sal_no,158.0
480291219071,house_wage_sal_no,35.0
480291211085,house_wage_sal_no,116.0
480291211191,house_wage_sal_no,27.0
480291211201,house_wage_sal_no,190.0
480291207013,house_wage_sal_no,229.0
480291215043,house_wage_sal_no,83.0
480291503002,house_wage_sal_no,24.0
480291418003,house_wage_sal_no,175.0
480291508001,house_wage_sal_no,200.0
480291712001,house_wage_sal_no,126.0
480291712002,house_wage_sal_no,93.0
480291512004,house_wage_sal_no,132.0
480291904002,house_wage_sal_no,115.0
480291817121,house_wage_sal_no,113.0
480291816024,house_wage_sal_no,109.0
480291816022,house_wage_sal_no,58.0
480291314022,house_wage_sal_no,181.0
480291719183,house_wage_sal_no,53.0
480291719201,house_wage_sal_no,179.0
480291719212,house_wage_sal_no,73.0
480291719231,house_wage_sal_no,25.0
480291719234,house_wage_sal_no,240.0
480291719251,house_wage_sal_no,73.0
480291719253,house_wage_sal_no,205.0
480291720023,house_wage_sal_no,69.0
480291720041,house_wage_sal_no,437.0
480291720061,house_wage_sal_no,67.0
480291720071,house_wage_sal_no,94.0
480291801011,house_wage_sal_no,151.0
480291714011,house_wage_sal_no,71.0
480291714022,house_wage_sal_no,146.0
480291715012,house_wage_sal_no,119.0
480291715023,house_wage_sal_no,174.0
480291917011,house_wage_sal_no,104.0
480291917022,house_wage_sal_no,87.0
480291918043,house_wage_sal_no,145.0
480291918111,house_wage_sal_no,232.0
480291918063,house_wage_sal_no,233.0
480291918081,house_wage_sal_no,137.0
480291918092,house_wage_sal_no,126.0
480291918131,house_wage_sal_no,216.0
480291817252,house_wage_sal_no,104.0
480291817263,house_wage_sal_no,88.0
480291817281,house_wage_sal_no,314.0
480291817301,house_wage_sal_no,144.0
480291817312,house_wage_sal_no,72.0
480291818112,house_wage_sal_no,112.0
480291818132,house_wage_sal_no,100.0
480291818142,house_wage_sal_no,186.0
480291818161,house_wage_sal_no,81.0
480291818172,house_wage_sal_no,228.0
480291818183,house_wage_sal_no,103.0
480291818201,house_wage_sal_no,0.0
480291818212,house_wage_sal_no,134.0
480291818223,house_wage_sal_no,103.0
480291905032,house_wage_sal_no,96.0
480291905042,house_wage_sal_no,149.0
480291906041,house_wage_sal_no,111.0
480291910051,house_wage_sal_no,174.0
480291910062,house_wage_sal_no,36.0
480291801013,house_wage_sal_no,53.0
480291801016,house_wage_sal_no,30.0
480291806031,house_wage_sal_no,125.0
480291806043,house_wage_sal_no,81.0
480291807026,house_wage_sal_no,95.0
480291814031,house_wage_sal_no,331.0
480291814041,house_wage_sal_no,368.0
480291815044,house_wage_sal_no,171.0
480291817154,house_wage_sal_no,131.0
480291820022,house_wage_sal_no,127.0
480291820031,house_wage_sal_no,157.0
480291821013,house_wage_sal_no,249.0
480291821051,house_wage_sal_no,119.0
480291910065,house_wage_sal_no,162.0
480291912013,house_wage_sal_no,69.0
480291918141,house_wage_sal_no,123.0
480291918152,house_wage_sal_no,166.0
480291918171,house_wage_sal_no,984.0
480291919002,house_wage_sal_no,161.0
480291919005,house_wage_sal_no,129.0
480291920003,house_wage_sal_no,125.0
480291921001,house_wage_sal_no,188.0
480291922002,house_wage_sal_no,58.0
